"23/12/2013","12:31:20","cpc2-sotn12-2-0-cust194.15-1.cable.virginm.net","81.108.4.195","/amesbury/inky.bar","http://argles.org/badlink/"
"23/12/2013","12:38:59","crawl-66-249-73-137.googlebot.com","66.249.73.137","/robots.txt",""
"23/12/2013","12:38:59","crawl-66-249-73-137.googlebot.com","66.249.73.137","/Salisbury/littleton-08_t.jpg",""
"23/12/2013","12:39:56","spider25.picsearch.com","217.212.224.181","/Salisbury/enjoy2.html",""
"23/12/2013","13:13:29","204.12.208.234","204.12.208.234","/robots.txt",""
"23/12/2013","13:13:48","204.12.208.234","204.12.208.234","/robots.txt",""
"23/12/2013","13:41:20","msnbot-65-55-24-243.search.msn.com","65.55.24.243","/robots.txt",""
"23/12/2013","13:43:46","msnbot-65-55-24-243.search.msn.com","65.55.24.243","/Newbury/newbury-ball-flyer-2009.pdf",""
"23/12/2013","13:48:45","cpc2-sotn12-2-0-cust194.15-1.cable.virginm.net","81.108.4.195","/amesbury/inky.bar","http://argles.org/badlink/"
"23/12/2013","13:48:45","cpc2-sotn12-2-0-cust194.15-1.cable.virginm.net","81.108.4.195","/favicon.ico",""
"23/12/2013","14:00:55","msnbot-157-56-92-165.search.msn.com","157.56.92.165","/robots.txt",""
"23/12/2013","14:04:41","cpc2-sotn12-2-0-cust194.15-1.cable.virginm.net","81.108.4.195","/amesbury/inky.bar","http://argles.org/badlink/"
"23/12/2013","14:04:42","cpc2-sotn12-2-0-cust194.15-1.cable.virginm.net","81.108.4.195","/favicon.ico",""
"23/12/2013","14:07:51","msnbot-157-56-92-165.search.msn.com","157.56.92.165","/Amesbury/about.html",""
"23/12/2013","14:20:09","msnbot-157-56-92-146.search.msn.com","157.56.92.146","/Bournemouth-RSCDS/links.html",""
"23/12/2013","14:55:51","cpc2-sotn12-2-0-cust194.15-1.cable.virginm.net","81.108.4.195","/amesbury/iNdex.phtml",""
"23/12/2013","14:57:17","crawl-66-249-73-137.googlebot.com","66.249.73.137","/Amesbury/Amesbury07.html",""
"23/12/2013","15:05:42","cpc2-sotn12-2-0-cust194.15-1.cable.virginm.net","81.108.4.195","/robots.txt",""
"23/12/2013","15:06:25","cpc2-sotn12-2-0-cust194.15-1.cable.virginm.net","81.108.4.195","/ambit",""
"23/12/2013","15:07:12","cpc2-sotn12-2-0-cust194.15-1.cable.virginm.net","81.108.4.195","/Ambit/Index.html",""
"23/12/2013","15:07:29","cpc2-sotn12-2-0-cust194.15-1.cable.virginm.net","81.108.4.195","/Amesbury/Index.html",""
"23/12/2013","15:08:04","cpc2-sotn12-2-0-cust194.15-1.cable.virginm.net","81.108.4.195","/amesbury/inky.bar","http://argles.org/badlink/"
"23/12/2013","15:31:53","cpc2-sotn12-2-0-cust194.15-1.cable.virginm.net","81.108.4.195","/amesbury/inky.bar","http://argles.org/badlink/"
"23/12/2013","15:32:29","cpc2-sotn12-2-0-cust194.15-1.cable.virginm.net","81.108.4.195","/aMesbury",""
"23/12/2013","15:38:15","cpc2-sotn12-2-0-cust194.15-1.cable.virginm.net","81.108.4.195","/amesbury/inky.bar","http://argles.org/badlink/"
"23/12/2013","15:41:59","msnbot-157-56-92-146.search.msn.com","157.56.92.146","/robots.txt",""
"23/12/2013","15:42:34","cpc2-sotn12-2-0-cust194.15-1.cable.virginm.net","81.108.4.195","/aMesbury",""
"23/12/2013","15:51:02","msnbot-157-56-92-146.search.msn.com","157.56.92.146","/Andover/lantern1.html",""
"23/12/2013","16:06:59","msnbot-157-55-32-104.search.msn.com","157.55.32.104","/Salisbury/dance-2010-Oct.html",""
"23/12/2013","16:22:08","crawl-66-249-73-137.googlebot.com","66.249.73.137","/Amesbury/burns01a.html",""
"23/12/2013","17:07:45","crawl-66-249-73-137.googlebot.com","66.249.73.137","/Amesbury/ames04_01.html",""
"23/12/2013","17:08:31","crawl-66-249-73-92.googlebot.com","66.249.73.92","/robots.txt",""
"23/12/2013","18:25:58","208.115.113.82","208.115.113.82","/robots.txt",""
"23/12/2013","18:25:58","208.115.113.82","208.115.113.82","/robots.txt",""
"23/12/2013","18:31:44","crawl-66-249-73-137.googlebot.com","66.249.73.137","/Salisbury/burns-codford-2003-22.html",""
"23/12/2013","18:52:18","msnbot-157-55-32-56.search.msn.com","157.55.32.56","/robots.txt",""
"23/12/2013","18:57:31","spider-178-154-160-30.yandex.com","178.154.160.30","/robots.txt",""
"23/12/2013","19:00:47","msnbot-157-55-32-56.search.msn.com","157.55.32.56","/Hyde/pictures.html",""
"23/12/2013","19:34:02","208.115.113.82","208.115.113.82","/Amesbury/Amesbury06.html",""
"23/12/2013","19:34:04","208.115.113.82","208.115.113.82","/Salisbury/Br13.html",""
"23/12/2013","19:45:15","crawl-66-249-73-137.googlebot.com","66.249.73.137","/Andover/Andover25th-4.html",""
"23/12/2013","20:02:42","crawl-66-249-73-137.googlebot.com","66.249.73.137","/Andover/td04w.html",""
"23/12/2013","21:10:20","msnbot-157-55-33-17.search.msn.com","157.55.33.17","/robots.txt",""
"23/12/2013","21:14:02","msnbot-157-55-33-17.search.msn.com","157.55.33.17","/Salisbury/Sal-dance-2004-05-08.html",""
"23/12/2013","22:04:23","crawl-66-249-73-137.googlebot.com","66.249.73.137","/Salisbury/ToWessexHome.gif",""
"23/12/2013","22:04:34","crawl-66-249-73-137.googlebot.com","66.249.73.137","/Salisbury/enjoy2.html",""
"23/12/2013","22:22:24","208.115.113.82","208.115.113.82","/robots.txt",""
"23/12/2013","22:22:24","208.115.113.82","208.115.113.82","/robots.txt",""
"23/12/2013","22:23:36","crawl-66-249-73-137.googlebot.com","66.249.73.137","/Amesbury/ames04_02.html",""
"23/12/2013","22:44:51","s1.960.clients.serverdeals.org","199.192.207.146","/robots.txt",""
"23/12/2013","22:52:28","cpc2-sotn12-2-0-cust194.15-1.cable.virginm.net","81.108.4.195","/Salisbury/about.html",""
"23/12/2013","22:52:28","blueberry.active-ns.com","84.18.207.66","/Salisbury/about.html",""
"23/12/2013","22:52:28","cpc2-sotn12-2-0-cust194.15-1.cable.virginm.net","81.108.4.195","/favicon.ico","http://www.wessex-scd.org.uk/Salisbury/about.html"
"23/12/2013","22:57:42","blueberry.active-ns.com","84.18.207.66","/Salisbury/about.html",""
"23/12/2013","22:57:42","185.14.194.2","185.14.194.2","/Salisbury/about.html","http://www.wessex-scd.org.uk/Salisbury/about.html"
"23/12/2013","23:11:15","crawl-66-249-73-137.googlebot.com","66.249.73.137","/Amesbury/Amesbury06.html",""
"23/12/2013","23:20:21","crawl-66-249-73-137.googlebot.com","66.249.73.137","/Amesbury/Amesbury09_t.jpg",""
"23/12/2013","23:21:22","msnbot-157-55-33-109.search.msn.com","157.55.33.109","/robots.txt",""
"23/12/2013","23:23:03","msnbot-157-55-33-109.search.msn.com","157.55.33.109","/Salisbury/pictures.html",""
"23/12/2013","23:33:36","208.115.113.82","208.115.113.82","/Amesbury/The-Gentleman-1.html",""
"23/12/2013","23:33:38","208.115.113.82","208.115.113.82","/Amesbury/The-Gentleman-poussette.html",""
"23/12/2013","23:40:22","spider27.picsearch.com","217.212.224.183","/robots.txt",""
"23/12/2013","23:40:22","spider25.picsearch.com","217.212.224.181","/Amesbury/burns04a.html",""
"23/12/2013","23:48:37","crawl-66-249-73-137.googlebot.com","66.249.73.137","/Salisbury/Br03.html",""
"23/12/2013","23:57:35","68-233-247-166.static.hvvc.us","68.233.247.166","/robots.txt",""
"23/12/2013","23:57:35","68-233-247-166.static.hvvc.us","68.233.247.166","/Salisbury/Sal-dance-2004-05-01.html",""
"24/12/2013","00:14:50","crawl-66-249-73-137.googlebot.com","66.249.73.137","/SCOSHA/Scosha-1st-Anniversary-Dance-011_t.jpg",""
"24/12/2013","01:21:08","crawl-66-249-73-137.googlebot.com","66.249.73.137","/robots.txt",""
"24/12/2013","01:31:21","msnbot-157-55-32-108.search.msn.com","157.55.32.108","/robots.txt",""
"24/12/2013","02:26:45","46.229.160.208","46.229.160.208","/Winchester/beginners-flier-2010-09-04.doc",""
"24/12/2013","02:28:59","208.115.113.82","208.115.113.82","/robots.txt",""
"24/12/2013","02:28:59","208.115.113.82","208.115.113.82","/robots.txt",""
"24/12/2013","03:38:47","208.115.113.82","208.115.113.82","/Amesbury/burns05a.html",""
"24/12/2013","03:38:48","208.115.113.82","208.115.113.82","/SCOSHA/Bedzin-Festival-Workshops-060.html",""
"24/12/2013","03:38:50","208.115.113.82","208.115.113.82","/Salisbury/2sets.html",""
"24/12/2013","03:38:51","208.115.113.82","208.115.113.82","/Amesbury/burns03a.html",""
"24/12/2013","03:38:51","208.115.113.82","208.115.113.82","/SCOSHA/Bedzin-Festival-Workshops-256.html",""
"24/12/2013","03:40:40","38.111.147.84","38.111.147.84","/robots.txt",""
"24/12/2013","03:47:40","msnbot-157-55-33-17.search.msn.com","157.55.33.17","/robots.txt",""
"24/12/2013","04:04:12","crawl-66-249-73-137.googlebot.com","66.249.73.137","/Amesbury/Amesbury06.html",""
"24/12/2013","04:37:43","msnbot-157-55-35-51.search.msn.com","157.55.35.51","/Salisbury/littleton-07.html",""
"24/12/2013","05:08:43","crawl-66-249-73-92.googlebot.com","66.249.73.92","/robots.txt",""
"24/12/2013","06:27:47","208.115.113.82","208.115.113.82","/robots.txt",""
"24/12/2013","06:27:47","208.115.113.82","208.115.113.82","/robots.txt",""
"24/12/2013","06:29:49","msnbot-157-55-33-30.search.msn.com","157.55.33.30","/robots.txt",""
"24/12/2013","07:12:53","crawl-66-249-73-137.googlebot.com","66.249.73.137","/Amesbury/pictures.html",""
"24/12/2013","07:30:54","msnbot-157-55-33-30.search.msn.com","157.55.33.30","/robots.txt",""
"24/12/2013","07:33:30","crawl-66-249-73-137.googlebot.com","66.249.73.137","/Salisbury/pictures.html",""
"24/12/2013","07:40:38","208.115.113.82","208.115.113.82","/Amesbury/Amesbury08.html",""
"24/12/2013","07:40:40","208.115.113.82","208.115.113.82","/Ringwood/pictures.html",""
"24/12/2013","07:40:41","208.115.113.82","208.115.113.82","/Salisbury/29%20May%202013.html",""
"24/12/2013","07:40:42","208.115.113.82","208.115.113.82","/Winchester/Programme.html",""
"24/12/2013","07:45:44","msnbot-157-55-33-30.search.msn.com","157.55.33.30","/Andover/win11t.html",""
"24/12/2013","07:53:49","msnbot-157-55-33-30.search.msn.com","157.55.33.30","/Spiffin/links.html",""
"24/12/2013","08:23:56","msnbot-157-55-33-121.search.msn.com","157.55.33.121","/robots.txt",""
"24/12/2013","08:29:18","spider27.picsearch.com","217.212.224.183","/robots.txt",""
"24/12/2013","08:29:18","spider26.picsearch.com","217.212.224.182","/Amesbury/Amesbury10.html",""
"24/12/2013","09:28:18","msnbot-65-55-215-65.search.msn.com","65.55.215.65","/robots.txt",""
"24/12/2013","09:28:18","msnbot-65-55-215-65.search.msn.com","65.55.215.65","/Andover/win02t_t.jpg",""
"24/12/2013","09:32:01","crawl-66-249-73-137.googlebot.com","66.249.73.137","/Amesbury/Amesbury07.html",""
"24/12/2013","09:37:38","crawl-66-249-73-137.googlebot.com","66.249.73.137","/Andover/Andover032.html",""
"24/12/2013","09:43:15","crawl-66-249-73-137.googlebot.com","66.249.73.137","/Winchester/Newsletter-No-33.doc",""
"24/12/2013","09:56:36","spider26.picsearch.com","217.212.224.182","/Salisbury/sueparty03.html",""
"24/12/2013","10:24:00","208.115.113.82","208.115.113.82","/robots.txt",""
"24/12/2013","10:24:01","208.115.113.82","208.115.113.82","/robots.txt",""
"24/12/2013","11:00:26","msnbot-65-55-215-34.search.msn.com","65.55.215.34","/robots.txt",""
"24/12/2013","11:00:27","msnbot-65-55-215-35.search.msn.com","65.55.215.35","/Salisbury/05%20June%202013%20Castle%20Square%202_t.jpg",""
"24/12/2013","11:31:28","46.229.160.208","46.229.160.208","/Winchester/beginners-flier-2010-09-04.doc",""
"24/12/2013","11:32:28","208.115.113.82","208.115.113.82","/SCOSHA/Scosha-Tour-2010-3.html",""
"24/12/2013","11:32:29","208.115.113.82","208.115.113.82","/Salisbury/littleton-06.html",""
"24/12/2013","11:32:31","208.115.113.82","208.115.113.82","/Salisbury/Dancing-at-St-Elizabeth-Hall-2011-06-08.html",""
"24/12/2013","11:58:59","199-193-117-38.static.hvvc.us","199.193.117.38","/robots.txt",""
"24/12/2013","11:59:00","199-193-117-38.static.hvvc.us","199.193.117.38","/Salisbury/Sal-dance-2004-05-03.html",""
"24/12/2013","12:07:50","msnbot-157-56-92-176.search.msn.com","157.56.92.176","/robots.txt",""
"24/12/2013","12:12:26","crawl-66-249-73-137.googlebot.com","66.249.73.137","/Amesbury/ames04_02.html",""
"24/12/2013","13:01:48","t054.topaz.fastwebserver.de","193.111.141.54","/SCOSHA/about.html",""
"24/12/2013","13:10:26","crawl-66-249-73-137.googlebot.com","66.249.73.137","/Salisbury/Br12.html",""
"24/12/2013","13:15:18","208.110.91.138","208.110.91.138","/robots.txt",""
"24/12/2013","13:15:20","208.110.91.138","208.110.91.138","/salisbury/function.opendir",""
"24/12/2013","13:16:03","crawl-66-249-73-137.googlebot.com","66.249.73.137","/Salisbury/littleton-01.html",""
"24/12/2013","13:30:59","msnbot-157-55-32-57.search.msn.com","157.55.32.57","/robots.txt",""
"24/12/2013","13:31:11","spider-178-154-160-30.yandex.com","178.154.160.30","/robots.txt",""
"24/12/2013","13:44:12","crawl-66-249-73-137.googlebot.com","66.249.73.137","/robots.txt",""
"24/12/2013","14:24:16","80-42-86-86.dynamic.dsl.as9105.com","80.42.86.86","/favicon.ico",""
"24/12/2013","14:24:32","199.58.86.211","199.58.86.211","/robots.txt",""
"24/12/2013","14:26:23","208.115.113.82","208.115.113.82","/robots.txt",""
"24/12/2013","14:54:01","msnbot-157-55-34-166.search.msn.com","157.55.34.166","/Andover/td04w.html",""
"24/12/2013","15:02:52","msnbot-157-56-92-176.search.msn.com","157.56.92.176","/Amesbury/FC%2003.html",""
"24/12/2013","15:03:22","msnbot-157-55-34-166.search.msn.com","157.55.34.166","/robots.txt",""
"24/12/2013","15:39:07","208.115.113.82","208.115.113.82","/Andover/lantern4.html",""
"24/12/2013","15:39:07","208.115.113.82","208.115.113.82","/Salisbury/enjoy4.html",""
"24/12/2013","15:39:09","208.115.113.82","208.115.113.82","/Salisbury/sueparty05.html",""
"24/12/2013","16:01:23","msnbot-157-55-35-52.search.msn.com","157.55.35.52","/Salisbury/Br12.html",""
"24/12/2013","16:09:49","173.208.180.234","173.208.180.234","/robots.txt",""
"24/12/2013","16:30:34","crawl-66-249-73-137.googlebot.com","66.249.73.137","/Salisbury/Break%2001.html",""
"24/12/2013","17:04:26","msnbot-157-55-34-98.search.msn.com","157.55.34.98","/robots.txt",""
"24/12/2013","17:05:45","msnbot-157-56-93-72.search.msn.com","157.56.93.72","/robots.txt",""
"24/12/2013","17:07:18","msnbot-157-55-34-98.search.msn.com","157.55.34.98","/Winchester/Fees.html",""
"24/12/2013","17:34:51","80-42-224-79.dynamic.dsl.as9105.com","80.42.224.79","/favicon.ico",""
"24/12/2013","17:34:51","80-42-224-79.dynamic.dsl.as9105.com","80.42.224.79","/favicon.ico",""
"24/12/2013","17:52:14","msnbot-157-56-93-72.search.msn.com","157.56.93.72","/Winchester/Newsletter-No-32.doc",""
"24/12/2013","17:56:32","crawl-66-249-73-92.googlebot.com","66.249.73.92","/robots.txt",""
"24/12/2013","18:23:35","208.115.113.82","208.115.113.82","/robots.txt",""
"24/12/2013","18:23:35","208.115.113.82","208.115.113.82","/robots.txt",""
"24/12/2013","18:30:58","213-131-98-197.onyx.net","213.131.98.197","/favicon.ico",""
"24/12/2013","19:05:30","msnbot-157-55-35-38.search.msn.com","157.55.35.38","/robots.txt",""
"24/12/2013","19:28:45","crawl-66-249-73-137.googlebot.com","66.249.73.137","/Salisbury/Break%2002.html",""
"24/12/2013","19:50:29","208.115.113.82","208.115.113.82","/Salisbury/05%20June%202013%20Castle%20Square%202.html",""
"24/12/2013","19:50:36","208.115.113.82","208.115.113.82","/Amesbury/FC%2003.html",""
"24/12/2013","19:50:37","208.115.113.82","208.115.113.82","/Salisbury/littleton-01.html",""
"24/12/2013","20:11:33","msnbot-157-55-34-98.search.msn.com","157.55.34.98","/robots.txt",""
"24/12/2013","20:41:12","img-spider-95-108-158-243.yandex.com","95.108.158.243","/robots.txt",""
"24/12/2013","20:48:25","msnbot-157-55-34-98.search.msn.com","157.55.34.98","/Hyde/pictures.html",""
"24/12/2013","21:16:00","msnbot-157-55-34-166.search.msn.com","157.55.34.166","/Salisbury/dance-2010-Oct.html",""
"24/12/2013","21:26:58","cpc2-sotn12-2-0-cust194.15-1.cable.virginm.net","81.108.4.195","/favicon.ico","http://wessex-scd.org.uk/"
"24/12/2013","21:54:30","img-spider-95-108-158-243.yandex.com","95.108.158.243","/Spiffin/2Couples.jpg",""
"24/12/2013","22:04:45","cpc2-sotn12-2-0-cust194.15-1.cable.virginm.net","81.108.4.195","/favicon.ico","http://wessex-scd.org.uk/alderbury/index.php"
"24/12/2013","22:22:20","208.115.113.82","208.115.113.82","/robots.txt",""
"24/12/2013","22:22:20","208.115.113.82","208.115.113.82","/robots.txt",""
"24/12/2013","22:24:32","crawl-66-249-73-137.googlebot.com","66.249.73.137","/Winchester/Flyer-Nov-16.pdf",""
"24/12/2013","22:25:02","spider27.picsearch.com","217.212.224.183","/robots.txt",""
"24/12/2013","22:25:02","spider26.picsearch.com","217.212.224.182","/Salisbury/xmas04_03.html",""
"24/12/2013","22:36:58","crawl-66-249-73-137.googlebot.com","66.249.73.137","/Winchester/workshop.doc",""
"24/12/2013","23:12:58","img-spider-95-108-158-243.yandex.com","95.108.158.243","/Winchester/ToWessexHome.gif",""
"24/12/2013","23:22:11","crawl-66-249-73-137.googlebot.com","66.249.73.137","/Salisbury/Broadford%20Bay%2001.html",""
"24/12/2013","23:26:42","crawl-66-249-73-137.googlebot.com","66.249.73.137","/Winchester/danceflier-2013-12-01.doc",""
"24/12/2013","23:35:34","208.115.113.82","208.115.113.82","/SCOSHA/links.html",""
"24/12/2013","23:35:34","208.115.113.82","208.115.113.82","/Salisbury/xmas04_06.html",""
"24/12/2013","23:35:35","208.115.113.82","208.115.113.82","/Salisbury/links.html",""
"24/12/2013","23:42:05","msnbot-157-55-34-175.search.msn.com","157.55.34.175","/robots.txt",""
"24/12/2013","23:44:33","msnbot-157-55-34-175.search.msn.com","157.55.34.175","/Hyde/pictures.html",""
"25/12/2013","00:11:55","crawl-66-249-73-137.googlebot.com","66.249.73.137","/Salisbury/Br13_t.jpg",""
"25/12/2013","00:13:31","crawl-66-249-73-137.googlebot.com","66.249.73.137","/Amesbury/Amesbury04_t.jpg",""
"25/12/2013","00:35:06","crawl-66-249-73-137.googlebot.com","66.249.73.137","/Andover/lantern1.html",""
"25/12/2013","00:43:15","img-spider-95-108-158-243.yandex.com","95.108.158.243","/Newbury/2Couples.jpg",""
"25/12/2013","00:48:52","crawl-66-249-73-137.googlebot.com","66.249.73.137","/Andover/Andover033.html",""
"25/12/2013","00:48:52","msnbot-157-56-92-164.search.msn.com","157.56.92.164","/robots.txt",""
"25/12/2013","00:54:39","crawl-66-249-73-137.googlebot.com","66.249.73.137","/Salisbury/Br12.html",""
"25/12/2013","01:36:57","spider-178-154-160-30.yandex.com","178.154.160.30","/robots.txt",""
"25/12/2013","01:50:22","crawl-66-249-73-137.googlebot.com","66.249.73.137","/robots.txt",""
"25/12/2013","01:52:14","crawl-66-249-73-137.googlebot.com","66.249.73.137","/Andover/Andover032.html",""
"25/12/2013","01:52:15","msnbot-157-55-33-112.search.msn.com","157.55.33.112","/robots.txt",""
"25/12/2013","02:05:54","msnbot-157-56-92-164.search.msn.com","157.56.92.164","/Salisbury/littleton-08.html",""
"25/12/2013","02:28:10","208.115.113.82","208.115.113.82","/robots.txt",""
"25/12/2013","02:48:10","crawl-66-249-73-137.googlebot.com","66.249.73.137","/Salisbury/littleton-01.html",""
"25/12/2013","02:59:34","img-spider-95-108-158-243.yandex.com","95.108.158.243","/Newbury/thistle.jpg",""
"25/12/2013","03:27:20","crawl-66-249-73-137.googlebot.com","66.249.73.137","/Winchester/Newsletter-No-33.doc",""
"25/12/2013","03:29:51","msnbot-157-55-32-61.search.msn.com","157.55.32.61","/robots.txt",""
"25/12/2013","03:30:40","msnbot-157-55-32-61.search.msn.com","157.55.32.61","/SCOSHA/Scosha-Tour-2010-1.html",""
"25/12/2013","03:41:58","crawl-66-249-73-137.googlebot.com","66.249.73.137","/Salisbury/Sal-dance-2004-05-03.html",""
"25/12/2013","03:47:08","crawl-66-249-73-137.googlebot.com","66.249.73.137","/Winchester/Newsletter-No-33.doc",""
"25/12/2013","05:05:30","208.115.113.92","208.115.113.92","/robots.txt",""
"25/12/2013","05:05:30","208.115.113.92","208.115.113.92","/robots.txt",""
"25/12/2013","05:06:54","68-233-247-166.static.hvvc.us","68.233.247.166","/robots.txt",""
"25/12/2013","05:06:55","68-233-247-166.static.hvvc.us","68.233.247.166","/Andover/win09t.html",""
"25/12/2013","05:19:12","68-233-247-166.static.hvvc.us","68.233.247.166","/Salisbury/Sal-dance-2004-05-02.html",""
"25/12/2013","05:38:42","msnbot-157-56-229-190.search.msn.com","157.56.229.190","/robots.txt",""
"25/12/2013","05:43:46","msnbot-157-56-229-190.search.msn.com","157.56.229.190","/Winchester/Newsletter-No-43.doc",""
"25/12/2013","06:14:25","208.115.113.92","208.115.113.92","/Salisbury/Sal-dance-2004-05-07.html",""
"25/12/2013","06:14:31","208.115.113.92","208.115.113.92","/Amesbury/Chat-at-Amesbury2.html",""
"25/12/2013","06:16:17","t044.topaz.fastwebserver.de","193.111.141.44","/Salisbury/pictures.html",""
"25/12/2013","06:27:44","msnbot-157-56-93-150.search.msn.com","157.56.93.150","/robots.txt",""
"25/12/2013","06:38:31","msnbot-157-56-93-150.search.msn.com","157.56.93.150","/Salisbury/map.html",""
"25/12/2013","06:48:01","msnbot-157-55-35-105.search.msn.com","157.55.35.105","/Amesbury/burns04a.html",""
"25/12/2013","07:12:08","199-193-117-23.static.hvvc.us","199.193.117.23","/robots.txt",""
"25/12/2013","07:12:08","199-193-117-23.static.hvvc.us","199.193.117.23","/SCOSHA/Scosha-Group-in-Bedzin-246.html",""
"25/12/2013","08:04:31","crawl-66-249-73-137.googlebot.com","66.249.73.137","/Andover/about.html",""
"25/12/2013","08:11:25","176.57.143.60","176.57.143.60","/Winchester/dance-flier-2012-03-11.doc",""
"25/12/2013","08:11:32","t044.topaz.fastwebserver.de","193.111.141.44","/Spiffin/dance-flier-2012-04-21.doc",""
"25/12/2013","08:17:43","crawl-66-249-73-92.googlebot.com","66.249.73.92","/robots.txt",""
"25/12/2013","08:17:53","msnbot-157-55-33-41.search.msn.com","157.55.33.41","/robots.txt",""
"25/12/2013","08:22:28","cpc2-sotn12-2-0-cust194.15-1.cable.virginm.net","81.108.4.195","/favicon.ico","http://www.wessex-scd.org.uk/spiffin/index.php"
"25/12/2013","08:26:11","cpc2-sotn12-2-0-cust194.15-1.cable.virginm.net","81.108.4.195","/favicon.ico","http://wessex-scd.org.uk/salisbury/index.php"
"25/12/2013","08:27:24","cpc2-sotn12-2-0-cust194.15-1.cable.virginm.net","81.108.4.195","/favicon.ico","http://www.wessex-scd.org.uk/Salisbury/index.html"
"25/12/2013","08:27:28","cpc2-sotn12-2-0-cust194.15-1.cable.virginm.net","81.108.4.195","/favicon.ico","http://www.wessex-scd.org.uk/new-forest-SCD/index.html"
"25/12/2013","08:31:53","crawl-66-249-73-137.googlebot.com","66.249.73.137","/SCOSHA/about.html",""
"25/12/2013","08:46:02","msnbot-157-55-35-105.search.msn.com","157.55.35.105","/Amesbury/Amesbury02.html",""
"25/12/2013","08:46:03","msnbot-157-55-35-105.search.msn.com","157.55.35.105","/Andover/td02w.html",""
"25/12/2013","09:53:19","crawl-66-249-73-137.googlebot.com","66.249.73.137","/Bournemouth-RSCDS/links.html",""
"25/12/2013","10:44:18","crawl-66-249-73-137.googlebot.com","66.249.73.137","/Hyde/about.html",""
"25/12/2013","10:49:23","crawl-66-249-73-92.googlebot.com","66.249.73.92","/robots.txt",""
"25/12/2013","10:49:23","crawl-66-249-73-92.googlebot.com","66.249.73.92","/Hyde/about.html",""
"25/12/2013","10:59:03","crawl-66-249-73-137.googlebot.com","66.249.73.137","/SCOSHA/Bedzin-Festival-Workshops-Demo-151.jpg",""
"25/12/2013","11:26:11","crawl-66-249-73-137.googlebot.com","66.249.73.137","/SCOSHA/Scosha-Tour-2010-2.jpg",""
"25/12/2013","11:39:01","crawl-66-249-73-137.googlebot.com","66.249.73.137","/Salisbury/Sal-dance-2004-05-02.html",""
"25/12/2013","11:47:27","208.115.113.92","208.115.113.92","/robots.txt",""
"25/12/2013","12:33:44","crawl-66-249-76-137.googlebot.com","66.249.76.137","/robots.txt",""
"25/12/2013","12:33:45","crawl-66-249-76-137.googlebot.com","66.249.76.137","/Salisbury/sueparty02.html",""
"25/12/2013","12:48:02","crawl-66-249-76-92.googlebot.com","66.249.76.92","/robots.txt",""
"25/12/2013","13:35:46","spider-178-154-160-30.yandex.com","178.154.160.30","/robots.txt",""
"25/12/2013","13:35:55","crawl-66-249-76-137.googlebot.com","66.249.76.137","/Winchester/Newsletter-No-39.doc",""
"25/12/2013","14:12:28","crawl-66-249-76-137.googlebot.com","66.249.76.137","/Salisbury/Br03.html",""
"25/12/2013","14:26:58","176.57.141.193","176.57.141.193","/Andover/pictures.html",""
"25/12/2013","14:26:58","t044.topaz.fastwebserver.de","193.111.141.44","/Andover/Andover-farewell-Elizabeth-Card.html",""
"25/12/2013","14:34:20","msnbot-157-55-32-28.search.msn.com","157.55.32.28","/robots.txt",""
"25/12/2013","15:17:33","img-spider-95-108-158-243.yandex.com","95.108.158.243","/SCOSHA/Scosha-Tour-2010-3.jpg",""
"25/12/2013","15:25:04","spider27.picsearch.com","217.212.224.183","/robots.txt",""
"25/12/2013","15:25:04","spider25.picsearch.com","217.212.224.181","/Salisbury/Sal-dance-2004-05-03.html",""
"25/12/2013","15:30:21","46.165.197.151","46.165.197.151","/robots.txt",""
"25/12/2013","15:43:56","img-spider-95-108-158-243.yandex.com","95.108.158.243","/Salisbury/Br13_t.jpg",""
"25/12/2013","16:06:43","img-spider-95-108-158-243.yandex.com","95.108.158.243","/SCOSHA/Bedzin-Festival-Workshops-Demo-151.jpg",""
"25/12/2013","16:26:53","img-spider-95-108-158-243.yandex.com","95.108.158.243","/Salisbury/29%20May%202013_t.jpg",""
"25/12/2013","16:43:55","img-spider-95-108-158-243.yandex.com","95.108.158.243","/Salisbury/Broadford%20Bay%2001_t.jpg",""
"25/12/2013","17:02:31","img-spider-95-108-158-243.yandex.com","95.108.158.243","/Salisbury/05%20June%202013%20Castle%20Square%203_t.jpg",""
"25/12/2013","17:13:25","msnbot-157-55-32-39.search.msn.com","157.55.32.39","/robots.txt",""
"25/12/2013","17:29:22","img-spider-95-108-158-243.yandex.com","95.108.158.243","/Salisbury/05%20June%202013%20Castle%20Square%202_t.jpg",""
"25/12/2013","18:01:38","msnbot-157-55-32-39.search.msn.com","157.55.32.39","/Winchester/Newsletter-No-39.doc",""
"25/12/2013","18:02:41","82-69-24-164.dsl.in-addr.zen.co.uk","82.69.24.164","/amesbury-new/gallery.php",""
"25/12/2013","18:02:42","82-69-24-164.dsl.in-addr.zen.co.uk","82.69.24.164","/favicon.ico",""
"25/12/2013","18:17:21","host-78-149-227-96.as13285.net","78.149.227.96","/favicon.ico","http://www.wessex-scd.org.uk/andover/index.php"
"25/12/2013","18:18:54","img-spider-95-108-158-243.yandex.com","95.108.158.243","/robots.txt",""
"25/12/2013","18:42:45","img-spider-95-108-158-243.yandex.com","95.108.158.243","/Salisbury/Br03_t.jpg",""
"25/12/2013","18:56:06","msnbot-157-55-32-61.search.msn.com","157.55.32.61","/robots.txt",""
"25/12/2013","19:09:44","img-spider-95-108-158-243.yandex.com","95.108.158.243","/Salisbury/Br15_t.jpg",""
"25/12/2013","19:47:37","img-spider-95-108-158-243.yandex.com","95.108.158.243","/Salisbury/littleton-01_t.jpg",""
"25/12/2013","20:10:34","208.115.113.92","208.115.113.92","/robots.txt",""
"25/12/2013","20:30:02","msnbot-65-55-52-108.search.msn.com","65.55.52.108","/robots.txt",""
"25/12/2013","20:38:06","img-spider-95-108-158-243.yandex.com","95.108.158.243","/Salisbury/Dancing-at-St-Elizabeth-Hall-2011-06-08_t.jpg",""
"25/12/2013","21:16:19","208.115.113.92","208.115.113.92","/SCOSHA/about.html",""
"25/12/2013","21:16:21","208.115.113.92","208.115.113.92","/Salisbury/enjoy4.html",""
"25/12/2013","21:19:14","img-spider-95-108-158-243.yandex.com","95.108.158.243","/Salisbury/Startled-Rabbits-2_t.jpg",""
"25/12/2013","21:28:48","199-193-117-38.static.hvvc.us","199.193.117.38","/robots.txt",""
"25/12/2013","21:28:49","199-193-117-38.static.hvvc.us","199.193.117.38","/Andover/Discussing-the-tournee.html",""
"25/12/2013","22:03:56","img-spider-95-108-158-243.yandex.com","95.108.158.243","/Salisbury/Startled-Rabbits-1_t.jpg",""
"25/12/2013","22:22:20","img-spider-95-108-158-243.yandex.com","95.108.158.243","/SCOSHA/Bedzin-Festival-Workshops-Demo-215.jpg",""
"25/12/2013","22:22:40","crawl-66-249-76-137.googlebot.com","66.249.76.137","/Amesbury/FC%2001_t.jpg",""
"25/12/2013","22:37:18","msnbot-65-55-24-233.search.msn.com","65.55.24.233","/robots.txt",""
"25/12/2013","22:38:02","img-spider-95-108-158-243.yandex.com","95.108.158.243","/Salisbury/littleton-02_t.jpg",""
"25/12/2013","22:49:11","80-42-210-18.dynamic.dsl.as9105.com","80.42.210.18","/favicon.ico",""
"25/12/2013","22:49:11","80-42-210-18.dynamic.dsl.as9105.com","80.42.210.18","/favicon.ico",""
"25/12/2013","22:56:28","img-spider-95-108-158-243.yandex.com","95.108.158.243","/Salisbury/littleton-04_t.jpg",""
"25/12/2013","23:07:59","msnbot-157-55-33-101.search.msn.com","157.55.33.101","/Amesbury/Amesbury07.html",""
"25/12/2013","23:11:47","img-spider-95-108-158-243.yandex.com","95.108.158.243","/Salisbury/Break%2001_t.jpg",""
"25/12/2013","23:28:27","img-spider-95-108-158-243.yandex.com","95.108.158.243","/Salisbury/littleton-05_t.jpg",""
"25/12/2013","23:43:56","img-spider-95-108-158-243.yandex.com","95.108.158.243","/SCOSHA/Bedzin-Festival-Workshops-256.jpg",""
"25/12/2013","23:51:13","crawl-66-249-76-137.googlebot.com","66.249.76.137","/Amesbury/home.gif",""
"26/12/2013","00:01:07","img-spider-95-108-158-243.yandex.com","95.108.158.243","/Salisbury/littleton-08_t.jpg",""
"26/12/2013","00:17:20","img-spider-95-108-158-243.yandex.com","95.108.158.243","/Salisbury/05%20June%202013%20Castle%20Square%201_t.jpg",""
"26/12/2013","00:49:18","img-spider-95-108-158-243.yandex.com","95.108.158.243","/SCOSHA/School-Fete-Dance-Demo-0001.JPG",""
"26/12/2013","01:19:03","img-spider-95-108-158-243.yandex.com","95.108.158.243","/SCOSHA/Combined-School-Classes-Rehearse-043.jpg",""
"26/12/2013","01:45:21","img-spider-95-108-158-243.yandex.com","95.108.158.243","/Salisbury/Break%2002_t.jpg",""
"26/12/2013","01:45:48","spider-178-154-160-30.yandex.com","178.154.160.30","/robots.txt",""
"26/12/2013","01:49:26","crawl-66-249-76-137.googlebot.com","66.249.76.137","/robots.txt",""
"26/12/2013","02:13:39","img-spider-95-108-158-243.yandex.com","95.108.158.243","/Salisbury/littleton-03_t.jpg",""
"26/12/2013","02:48:12","img-spider-95-108-158-243.yandex.com","95.108.158.243","/Salisbury/littleton-07_t.jpg",""
"26/12/2013","03:39:43","img-spider-95-108-158-243.yandex.com","95.108.158.243","/Salisbury/littleton-06_t.jpg",""
"26/12/2013","04:30:03","img-spider-95-108-158-243.yandex.com","95.108.158.243","/Salisbury/Startled-Rabbits-3_t.jpg",""
"26/12/2013","04:32:17","crawl-66-249-76-92.googlebot.com","66.249.76.92","/robots.txt",""
"26/12/2013","04:53:35","msnbot-199-30-20-63.search.msn.com","199.30.20.63","/robots.txt",""
"26/12/2013","05:18:38","img-spider-95-108-158-243.yandex.com","95.108.158.243","/SCOSHA/Bedzin-Festival-Workshops-075.jpg",""
"26/12/2013","05:33:10","msnbot-157-56-93-52.search.msn.com","157.56.93.52","/robots.txt",""
"26/12/2013","06:33:26","msnbot-199-30-20-135.search.msn.com","199.30.20.135","/robots.txt",""
"26/12/2013","06:33:27","msnbot-199-30-20-135.search.msn.com","199.30.20.135","/Andover/Andover-farewell-Elizabeth-Card_t.jpg",""
"26/12/2013","06:38:08","msnbot-157-55-33-253.search.msn.com","157.55.33.253","/robots.txt",""
"26/12/2013","06:55:40","img-spider-95-108-158-243.yandex.com","95.108.158.243","/SCOSHA/St-George-s-Night-3.JPG",""
"26/12/2013","07:17:32","spider27.picsearch.com","217.212.224.183","/robots.txt",""
"26/12/2013","07:17:38","msnbot-199-30-16-6.search.msn.com","199.30.16.6","/robots.txt",""
"26/12/2013","07:17:38","msnbot-199-30-16-6.search.msn.com","199.30.16.6","/Andover/Andover032_t.jpg",""
"26/12/2013","07:29:03","81-7-13-161.blue.kundencontroller.de","81.7.13.161","/Winchester/Newsletter-No-33.doc",""
"26/12/2013","07:29:03","t054.topaz.fastwebserver.de","193.111.141.54","/Winchester/Newsletter-No-36.doc",""
"26/12/2013","07:35:34","msnbot-157-55-33-253.search.msn.com","157.55.33.253","/Salisbury/links.html",""
"26/12/2013","07:41:30","msnbot-157-56-93-51.search.msn.com","157.56.93.51","/robots.txt",""
"26/12/2013","09:10:02","msnbot-157-55-32-225.search.msn.com","157.55.32.225","/robots.txt",""
"26/12/2013","09:13:21","crawl-66-249-76-137.googlebot.com","66.249.76.137","/Amesbury/links.gif",""
"26/12/2013","09:14:48","crawl-66-249-76-137.googlebot.com","66.249.76.137","/Amesbury/ToWessexHome.gif",""
"26/12/2013","09:22:02","img-spider-95-108-158-243.yandex.com","95.108.158.243","/Salisbury/Br12_t.jpg",""
"26/12/2013","09:35:19","spider-178-154-160-30.yandex.com","178.154.160.30","/bournemouth-rscds/foo.bar",""
"26/12/2013","09:38:05","82-69-24-164.dsl.in-addr.zen.co.uk","82.69.24.164","/amesbury-new/gallery.php",""
"26/12/2013","09:38:07","82-69-24-164.dsl.in-addr.zen.co.uk","82.69.24.164","/favicon.ico",""
"26/12/2013","10:22:13","crawl-66-249-76-137.googlebot.com","66.249.76.137","/Winchester/Newsletter-No-43.doc",""
"26/12/2013","11:40:56","ec2-54-205-95-28.compute-1.amazonaws.com","54.205.95.28","/robots.txt",""
"26/12/2013","11:47:41","fhd-nat.experianinteractive.com","185.26.92.4","/robots.txt",""
"26/12/2013","11:49:43","ns307835.ovh.net","94.23.233.204","/Andover/Pictures.html",""
"26/12/2013","11:54:02","hosted-by.leaseweb.com","83.149.125.220","/robots.txt",""
"26/12/2013","12:15:51","msnbot-199-30-16-23.search.msn.com","199.30.16.23","/robots.txt",""
"26/12/2013","12:25:56","crawl-66-249-76-137.googlebot.com","66.249.76.137","/Salisbury/littleton-02.html",""
"26/12/2013","12:31:14","crawl-66-249-76-137.googlebot.com","66.249.76.137","/Winchester/Newsletter-No-43.doc",""
"26/12/2013","13:06:40","msnbot-199-30-20-15.search.msn.com","199.30.20.15","/robots.txt",""
"26/12/2013","13:06:40","msnbot-199-30-20-15.search.msn.com","199.30.20.15","/Salisbury/Dancing-at-St-Elizabeth-Hall-2011-06-08.jpg",""
"26/12/2013","13:23:28","crawl-66-249-75-179.googlebot.com","66.249.75.179","/robots.txt",""
"26/12/2013","13:44:46","crawl-66-249-75-58.googlebot.com","66.249.75.58","/robots.txt",""
"26/12/2013","14:55:06","crawl-66-249-75-179.googlebot.com","66.249.75.179","/Salisbury/littleton-02.html",""
"26/12/2013","15:25:54","spider27.picsearch.com","217.212.224.183","/robots.txt",""
"26/12/2013","15:25:54","spider25.picsearch.com","217.212.224.181","/Salisbury/sueparty04.html",""
"26/12/2013","15:37:48","199-193-117-23.static.hvvc.us","199.193.117.23","/robots.txt",""
"26/12/2013","15:37:49","199-193-117-23.static.hvvc.us","199.193.117.23","/Andover/Andover%20farewell%20Elizabeth%20Card.html",""
"26/12/2013","16:03:25","199-193-117-23.static.hvvc.us","199.193.117.23","/Salisbury/Sal-dance-2004-05-07.html",""
"26/12/2013","16:21:46","68-233-228-194.static.hvvc.us","68.233.228.194","/robots.txt",""
"26/12/2013","16:21:47","68-233-228-194.static.hvvc.us","68.233.228.194","/Salisbury/Startled-Rabbits-2.html",""
"26/12/2013","16:31:56","msnbot-157-55-35-50.search.msn.com","157.55.35.50","/robots.txt",""
"26/12/2013","16:34:18","blueberry.active-ns.com","84.18.207.66","/robots.txt",""
"26/12/2013","16:34:18","host-62-24-181-135.as13285.net","62.24.181.135","/robots.txt","http://www.wessex-scd.org.uk/robots.txt"
"26/12/2013","16:38:10","host-80-47-52-93.as13285.net","80.47.52.93","/apple-touch-icon-76x76-precomposed.png",""
"26/12/2013","16:38:10","host-80-47-52-93.as13285.net","80.47.52.93","/apple-touch-icon-76x76.png",""
"26/12/2013","16:38:11","host-80-47-52-93.as13285.net","80.47.52.93","/apple-touch-icon-precomposed.png",""
"26/12/2013","16:38:11","host-80-47-52-93.as13285.net","80.47.52.93","/apple-touch-icon.png",""
"26/12/2013","16:38:19","host-80-47-52-93.as13285.net","80.47.52.93","/apple-touch-icon-76x76-precomposed.png",""
"26/12/2013","16:38:19","host-80-47-52-93.as13285.net","80.47.52.93","/apple-touch-icon-76x76.png",""
"26/12/2013","16:38:19","host-80-47-52-93.as13285.net","80.47.52.93","/apple-touch-icon-precomposed.png",""
"26/12/2013","16:38:19","host-80-47-52-93.as13285.net","80.47.52.93","/apple-touch-icon.png",""
"26/12/2013","16:38:32","blueberry.active-ns.com","84.18.207.66","/robots.txt",""
"26/12/2013","16:38:32","host-62-24-181-135.as13285.net","62.24.181.135","/robots.txt","http://wessex-scd.org.uk/robots.txt"
"26/12/2013","16:38:33","blueberry.active-ns.com","84.18.207.66","/robots.txt",""
"26/12/2013","16:38:33","host-62-24-181-135.as13285.net","62.24.181.135","/robots.txt","http://www.wessex-scd.org.uk/robots.txt"
"26/12/2013","16:39:19","blueberry.active-ns.com","84.18.207.66","/robots.txt",""
"26/12/2013","16:39:19","host-62-24-181-134.as13285.net","62.24.181.134","/robots.txt","http://wessex-scd.org.uk/robots.txt"
"26/12/2013","16:39:53","host-80-47-52-93.as13285.net","80.47.52.93","/apple-touch-icon-76x76-precomposed.png",""
"26/12/2013","16:39:53","host-80-47-52-93.as13285.net","80.47.52.93","/apple-touch-icon-76x76.png",""
"26/12/2013","16:39:53","host-80-47-52-93.as13285.net","80.47.52.93","/apple-touch-icon-precomposed.png",""
"26/12/2013","16:39:53","host-80-47-52-93.as13285.net","80.47.52.93","/apple-touch-icon.png",""
"26/12/2013","16:43:12","176-57-142-28.kryutek.net","176.57.142.28","/Winchester/autumn-ball-flier-2010-10-02.doc",""
"26/12/2013","17:09:20","msnbot-65-55-52-108.search.msn.com","65.55.52.108","/Salisbury/05%20June%202013%20Castle%20Square%203.html",""
"26/12/2013","17:31:06","host-80-47-52-93.as13285.net","80.47.52.93","/apple-touch-icon-76x76-precomposed.png",""
"26/12/2013","17:31:06","host-80-47-52-93.as13285.net","80.47.52.93","/apple-touch-icon-76x76.png",""
"26/12/2013","17:31:06","host-80-47-52-93.as13285.net","80.47.52.93","/apple-touch-icon-precomposed.png",""
"26/12/2013","17:31:06","host-80-47-52-93.as13285.net","80.47.52.93","/apple-touch-icon.png",""
"26/12/2013","18:33:46","msnbot-157-55-33-47.search.msn.com","157.55.33.47","/robots.txt",""
"26/12/2013","18:35:55","msnbot-157-56-92-158.search.msn.com","157.56.92.158","/robots.txt",""
"26/12/2013","18:49:18","176.57.141.254","176.57.141.254","/Newbury/newbury-ball-flyer-2011-09-15.pdf",""
"26/12/2013","19:41:58","crawl-66-249-75-179.googlebot.com","66.249.75.179","/Amesbury/pictures.gif",""
"26/12/2013","21:07:25","msnbot-157-56-93-39.search.msn.com","157.56.93.39","/robots.txt",""
"26/12/2013","21:10:56","img-spider-95-108-158-243.yandex.com","95.108.158.243","/robots.txt",""
"26/12/2013","21:25:41","img-spider-95-108-158-243.yandex.com","95.108.158.243","/SCOSHA/Scosha-Tour-2010-1.jpg",""
"26/12/2013","21:41:34","img-spider-95-108-158-243.yandex.com","95.108.158.243","/Salisbury/sueparty01_t.jpg",""
"26/12/2013","21:57:52","img-spider-95-108-158-243.yandex.com","95.108.158.243","/Salisbury/Br12.jpg",""
"26/12/2013","21:59:22","msnbot-157-56-93-39.search.msn.com","157.56.93.39","/Amesbury/FC%2002.html",""
"26/12/2013","22:20:32","img-spider-95-108-158-243.yandex.com","95.108.158.243","/Salisbury/ch.jpg",""
"26/12/2013","22:23:01","msnbot-157-56-93-49.search.msn.com","157.56.93.49","/robots.txt",""
"26/12/2013","22:23:10","msnbot-199-30-20-135.search.msn.com","199.30.20.135","/robots.txt",""
"26/12/2013","22:23:11","msnbot-199-30-20-135.search.msn.com","199.30.20.135","/Andover/Andover-farewell-Elizabeth-Card_t.jpg",""
"26/12/2013","22:38:58","img-spider-95-108-158-243.yandex.com","95.108.158.243","/Salisbury/en6.jpg",""
"26/12/2013","22:51:31","img-spider-95-108-158-243.yandex.com","95.108.158.243","/Salisbury/th-burns-codford-2003-19.jpg",""
"26/12/2013","23:08:33","img-spider-95-108-158-243.yandex.com","95.108.158.243","/Salisbury/xmas04_05_t.jpg",""
"26/12/2013","23:23:54","img-spider-95-108-158-243.yandex.com","95.108.158.243","/Salisbury/xmas04_13_t.jpg",""
"26/12/2013","23:38:48","crawl-66-249-75-179.googlebot.com","66.249.75.179","/Salisbury/pictures.html",""
"26/12/2013","23:46:20","crawl-66-249-75-179.googlebot.com","66.249.75.179","/SCOSHA/Bedzin-Festival-Workshops-258.jpg",""
"26/12/2013","23:58:41","msnbot-157-55-35-87.search.msn.com","157.55.35.87","/robots.txt",""
"27/12/2013","00:00:22","msnbot-157-55-35-87.search.msn.com","157.55.35.87","/Winchester/Newsletter-No-39.doc",""
"27/12/2013","00:19:35","crawl-66-249-75-179.googlebot.com","66.249.75.179","/Salisbury/trio.jpg",""
"27/12/2013","00:48:04","msnbot-199-30-20-136.search.msn.com","199.30.20.136","/robots.txt",""
"27/12/2013","00:48:04","msnbot-199-30-20-136.search.msn.com","199.30.20.136","/Andover/Andover-farewell-Elizabeth-Card_t.jpg",""
"27/12/2013","01:43:10","spider-178-154-160-30.yandex.com","178.154.160.30","/robots.txt",""
"27/12/2013","01:50:21","crawl-66-249-75-179.googlebot.com","66.249.75.179","/robots.txt",""
"27/12/2013","01:51:16","crawl-66-249-75-179.googlebot.com","66.249.75.179","/Salisbury/29%20May%202013.html",""
"27/12/2013","01:53:34","ukspider5.wise-guys.nl","82.94.176.145","/robots.txt",""
"27/12/2013","01:56:29","blueberry.active-ns.com","84.18.207.66","/Amesbury/Amesbury01.html",""
"27/12/2013","01:56:29","ukspider5.wise-guys.nl","82.94.176.145","/amesbury/amesbury01.php","http://wessex-scd.org.uk/Amesbury/Amesbury01.html"
"27/12/2013","01:57:43","blueberry.active-ns.com","84.18.207.66","/Amesbury/The-Gentleman-1.html",""
"27/12/2013","01:57:43","ukspider5.wise-guys.nl","82.94.176.145","/amesbury/the-gentleman-1.php","http://wessex-scd.org.uk/Amesbury/The-Gentleman-1.html"
"27/12/2013","01:58:57","blueberry.active-ns.com","84.18.207.66","/Amesbury/FC%2002.html",""
"27/12/2013","01:58:57","ukspider5.wise-guys.nl","82.94.176.145","/amesbury/fc%2002.php","http://wessex-scd.org.uk/Amesbury/FC%2002.html"
"27/12/2013","02:00:12","blueberry.active-ns.com","84.18.207.66","/Amesbury/FC%2001.html",""
"27/12/2013","02:00:12","ukspider5.wise-guys.nl","82.94.176.145","/amesbury/fc%2001.php","http://wessex-scd.org.uk/Amesbury/FC%2001.html"
"27/12/2013","02:05:10","spider27.picsearch.com","217.212.224.183","/robots.txt",""
"27/12/2013","02:05:10","spider25.picsearch.com","217.212.224.181","/Salisbury/enjoy6.html",""
"27/12/2013","02:15:20","msnbot-199-30-16-22.search.msn.com","199.30.16.22","/robots.txt",""
"27/12/2013","02:20:15","blueberry.active-ns.com","84.18.207.66","/Amesbury/Amesbury09.html",""
"27/12/2013","02:20:15","ukspider5.wise-guys.nl","82.94.176.145","/amesbury/amesbury09.php","http://wessex-scd.org.uk/Amesbury/Amesbury09.html"
"27/12/2013","02:23:59","blueberry.active-ns.com","84.18.207.66","/Amesbury/The-Gentleman-poussette.html",""
"27/12/2013","02:23:59","ukspider5.wise-guys.nl","82.94.176.145","/amesbury/the-gentleman-poussette.php","http://wessex-scd.org.uk/Amesbury/The-Gentleman-poussette.html"
"27/12/2013","02:25:11","blueberry.active-ns.com","84.18.207.66","/Amesbury/The-Gentleman-2.html",""
"27/12/2013","02:25:11","ukspider5.wise-guys.nl","82.94.176.145","/amesbury/the-gentleman-2.php","http://wessex-scd.org.uk/Amesbury/The-Gentleman-2.html"
"27/12/2013","02:26:26","blueberry.active-ns.com","84.18.207.66","/Ringwood/links.html",""
"27/12/2013","02:26:26","ukspider5.wise-guys.nl","82.94.176.145","/ringwood/links.php","http://wessex-scd.org.uk/Ringwood/links.html"
"27/12/2013","02:27:40","blueberry.active-ns.com","84.18.207.66","/Amesbury/pictures.html",""
"27/12/2013","02:27:40","ukspider5.wise-guys.nl","82.94.176.145","/amesbury/pictures.php","http://wessex-scd.org.uk/Amesbury/pictures.html"
"27/12/2013","02:28:53","blueberry.active-ns.com","84.18.207.66","/Amesbury/links.html",""
"27/12/2013","02:28:53","ukspider5.wise-guys.nl","82.94.176.145","/amesbury/links.php","http://wessex-scd.org.uk/Amesbury/links.html"
"27/12/2013","02:31:24","blueberry.active-ns.com","84.18.207.66","/Amesbury/FC%2003.html",""
"27/12/2013","02:31:24","ukspider5.wise-guys.nl","82.94.176.145","/amesbury/fc%2003.php","http://wessex-scd.org.uk/Amesbury/FC%2003.html"
"27/12/2013","02:33:52","blueberry.active-ns.com","84.18.207.66","/Amesbury/ames04_01.html",""
"27/12/2013","02:33:52","ukspider5.wise-guys.nl","82.94.176.145","/amesbury/ames04_01.php","http://wessex-scd.org.uk/Amesbury/ames04_01.html"
"27/12/2013","02:35:07","blueberry.active-ns.com","84.18.207.66","/Amesbury/Chat-at-Amesbury2.html",""
"27/12/2013","02:35:07","ukspider5.wise-guys.nl","82.94.176.145","/amesbury/chat-at-amesbury2.php","http://wessex-scd.org.uk/Amesbury/Chat-at-Amesbury2.html"
"27/12/2013","02:36:19","blueberry.active-ns.com","84.18.207.66","/Amesbury/Chat-at-Amesbury.html",""
"27/12/2013","02:36:19","ukspider5.wise-guys.nl","82.94.176.145","/amesbury/chat-at-amesbury.php","http://wessex-scd.org.uk/Amesbury/Chat-at-Amesbury.html"
"27/12/2013","02:37:36","blueberry.active-ns.com","84.18.207.66","/Amesbury/burns06a.html",""
"27/12/2013","02:37:36","ukspider5.wise-guys.nl","82.94.176.145","/amesbury/burns06a.php","http://wessex-scd.org.uk/Amesbury/burns06a.html"
"27/12/2013","02:38:51","blueberry.active-ns.com","84.18.207.66","/Amesbury/burns05a.html",""
"27/12/2013","02:38:51","ukspider5.wise-guys.nl","82.94.176.145","/amesbury/burns05a.php","http://wessex-scd.org.uk/Amesbury/burns05a.html"
"27/12/2013","02:40:08","blueberry.active-ns.com","84.18.207.66","/Amesbury/burns04a.html",""
"27/12/2013","02:40:08","ukspider5.wise-guys.nl","82.94.176.145","/amesbury/burns04a.php","http://wessex-scd.org.uk/Amesbury/burns04a.html"
"27/12/2013","02:41:24","blueberry.active-ns.com","84.18.207.66","/Amesbury/burns03a.html",""
"27/12/2013","02:41:24","ukspider5.wise-guys.nl","82.94.176.145","/amesbury/burns03a.php","http://wessex-scd.org.uk/Amesbury/burns03a.html"
"27/12/2013","02:42:39","blueberry.active-ns.com","84.18.207.66","/Amesbury/burns02a.html",""
"27/12/2013","02:42:39","ukspider5.wise-guys.nl","82.94.176.145","/amesbury/burns02a.php","http://wessex-scd.org.uk/Amesbury/burns02a.html"
"27/12/2013","02:43:53","blueberry.active-ns.com","84.18.207.66","/Amesbury/burns01a.html",""
"27/12/2013","02:43:53","ukspider5.wise-guys.nl","82.94.176.145","/amesbury/burns01a.php","http://wessex-scd.org.uk/Amesbury/burns01a.html"
"27/12/2013","02:45:08","blueberry.active-ns.com","84.18.207.66","/Amesbury/Amesbury10.html",""
"27/12/2013","02:45:08","ukspider5.wise-guys.nl","82.94.176.145","/amesbury/amesbury10.php","http://wessex-scd.org.uk/Amesbury/Amesbury10.html"
"27/12/2013","02:46:23","blueberry.active-ns.com","84.18.207.66","/Amesbury/Amesbury08.html",""
"27/12/2013","02:46:23","ukspider5.wise-guys.nl","82.94.176.145","/amesbury/amesbury08.php","http://wessex-scd.org.uk/Amesbury/Amesbury08.html"
"27/12/2013","02:47:39","blueberry.active-ns.com","84.18.207.66","/Amesbury/Amesbury07.html",""
"27/12/2013","02:47:39","ukspider5.wise-guys.nl","82.94.176.145","/amesbury/amesbury07.php","http://wessex-scd.org.uk/Amesbury/Amesbury07.html"
"27/12/2013","02:50:09","blueberry.active-ns.com","84.18.207.66","/Amesbury/Amesbury05.html",""
"27/12/2013","02:50:09","ukspider5.wise-guys.nl","82.94.176.145","/amesbury/amesbury05.php","http://wessex-scd.org.uk/Amesbury/Amesbury05.html"
"27/12/2013","02:51:23","blueberry.active-ns.com","84.18.207.66","/Amesbury/Amesbury04.html",""
"27/12/2013","02:51:23","ukspider5.wise-guys.nl","82.94.176.145","/amesbury/amesbury04.php","http://wessex-scd.org.uk/Amesbury/Amesbury04.html"
"27/12/2013","02:52:38","blueberry.active-ns.com","84.18.207.66","/Amesbury/Amesbury03.html",""
"27/12/2013","02:52:38","ukspider5.wise-guys.nl","82.94.176.145","/amesbury/amesbury03.php","http://wessex-scd.org.uk/Amesbury/Amesbury03.html"
"27/12/2013","02:53:53","blueberry.active-ns.com","84.18.207.66","/Amesbury/Amesbury02.html",""
"27/12/2013","02:53:53","ukspider5.wise-guys.nl","82.94.176.145","/amesbury/amesbury02.php","http://wessex-scd.org.uk/Amesbury/Amesbury02.html"
"27/12/2013","02:55:06","blueberry.active-ns.com","84.18.207.66","/Amesbury/Amesbury06.html",""
"27/12/2013","02:55:06","ukspider5.wise-guys.nl","82.94.176.145","/amesbury/amesbury06.php","http://wessex-scd.org.uk/Amesbury/Amesbury06.html"
"27/12/2013","02:56:20","blueberry.active-ns.com","84.18.207.66","/Amesbury/ames04_02.html",""
"27/12/2013","02:56:20","ukspider5.wise-guys.nl","82.94.176.145","/amesbury/ames04_02.php","http://wessex-scd.org.uk/Amesbury/ames04_02.html"
"27/12/2013","03:58:31","msnbot-157-56-92-155.search.msn.com","157.56.92.155","/robots.txt",""
"27/12/2013","05:05:32","208.115.113.92","208.115.113.92","/robots.txt",""
"27/12/2013","05:05:32","208.115.113.92","208.115.113.92","/robots.txt",""
"27/12/2013","05:43:49","208.115.113.92","208.115.113.92","/Salisbury/burns-codford-2003-21.html",""
"27/12/2013","05:44:03","208.115.113.92","208.115.113.92","/Salisbury/trio.html",""
"27/12/2013","05:44:04","208.115.113.92","208.115.113.92","/SCOSHA/St-George-s-Night-3.html",""
"27/12/2013","05:44:05","208.115.113.92","208.115.113.92","/SCOSHA/Scosha-Tour-2010-3.html",""
"27/12/2013","06:54:05","crawl-66-249-75-58.googlebot.com","66.249.75.58","/robots.txt",""
"27/12/2013","07:08:35","msnbot-157-55-33-79.search.msn.com","157.55.33.79","/robots.txt",""
"27/12/2013","07:23:48","crawl-66-249-75-179.googlebot.com","66.249.75.179","/Bournemouth-RSCDS/about.html",""
"27/12/2013","08:13:13","208.115.113.92","208.115.113.92","/robots.txt",""
"27/12/2013","08:13:13","208.115.113.92","208.115.113.92","/robots.txt",""
"27/12/2013","08:27:55","msnbot-157-55-33-17.search.msn.com","157.55.33.17","/robots.txt",""
"27/12/2013","08:29:18","msnbot-157-55-32-28.search.msn.com","157.55.32.28","/robots.txt",""
"27/12/2013","09:15:40","cpc2-sotn12-2-0-cust194.15-1.cable.virginm.net","81.108.4.195","/favicon.ico",""
"27/12/2013","09:24:18","208.115.113.92","208.115.113.92","/Andover/Discussing-the-tournee.html",""
"27/12/2013","09:24:21","208.115.113.92","208.115.113.92","/Amesbury/Amesbury02.html",""
"27/12/2013","09:37:14","host-78-149-239-77.as13285.net","78.149.239.77","/favicon.ico",""
"27/12/2013","09:43:31","79-75-223-69.dynamic.dsl.as9105.com","79.75.223.69","/favicon.ico",""
"27/12/2013","09:43:31","79-75-223-69.dynamic.dsl.as9105.com","79.75.223.69","/favicon.ico",""
"27/12/2013","10:05:53","urlc02.asd.mail.ne1.yahoo.com","98.138.63.217","/SCOSHA/pictures.html",""
"27/12/2013","10:05:54","urlc02.asd.mail.ne1.yahoo.com","98.138.63.217","/SCOSHA/pictures.html",""
"27/12/2013","10:22:14","208.115.113.82","208.115.113.82","/robots.txt",""
"27/12/2013","10:22:14","208.115.113.82","208.115.113.82","/robots.txt",""
"27/12/2013","11:03:58","crawl-66-249-75-179.googlebot.com","66.249.75.179","/Salisbury/littleton-02.html",""
"27/12/2013","11:32:32","crawl-66-249-75-179.googlebot.com","66.249.75.179","/Salisbury/Startled-Rabbits-1.html",""
"27/12/2013","11:40:06","msnbot-157-55-33-17.search.msn.com","157.55.33.17","/robots.txt",""
"27/12/2013","12:06:02","crawl-66-249-75-179.googlebot.com","66.249.75.179","/Winchester/Newsletter-No-33.doc",""
"27/12/2013","12:24:22","208.115.113.92","208.115.113.92","/robots.txt",""
"27/12/2013","12:24:22","208.115.113.92","208.115.113.92","/robots.txt",""
"27/12/2013","12:40:39","msnbot-157-55-35-86.search.msn.com","157.55.35.86","/robots.txt",""
"27/12/2013","12:55:28","msnbot-157-55-35-86.search.msn.com","157.55.35.86","/Amesbury/FC%2001.html",""
"27/12/2013","13:06:40","msnbot-199-30-20-56.search.msn.com","199.30.20.56","/robots.txt",""
"27/12/2013","13:08:35","msnbot-157-56-92-174.search.msn.com","157.56.92.174","/robots.txt",""
"27/12/2013","13:31:54","208.115.113.92","208.115.113.92","/Salisbury/littleton-05.html",""
"27/12/2013","13:31:55","208.115.113.92","208.115.113.92","/SCOSHA/pictures.html",""
"27/12/2013","13:47:31","msnbot-157-55-32-114.search.msn.com","157.55.32.114","/robots.txt",""
"27/12/2013","13:54:43","87.114.211.163","87.114.211.163","/favicon.ico",""
"27/12/2013","13:59:02","crawl-66-249-75-179.googlebot.com","66.249.75.179","/robots.txt",""
"27/12/2013","14:14:38","crawl-66-249-75-179.googlebot.com","66.249.75.179","/Salisbury/2sets.html",""
"27/12/2013","14:35:42","spider-178-154-160-30.yandex.com","178.154.160.30","/robots.txt",""
"27/12/2013","14:46:26","spider27.picsearch.com","217.212.224.183","/robots.txt",""
"27/12/2013","14:46:26","spider26.picsearch.com","217.212.224.182","/Amesbury/Amesbury04.html",""
"27/12/2013","14:51:06","msnbot-157-55-33-86.search.msn.com","157.55.33.86","/robots.txt",""
"27/12/2013","15:19:00","msnbot-157-55-35-52.search.msn.com","157.55.35.52","/robots.txt",""
"27/12/2013","16:17:57","208.115.113.92","208.115.113.92","/robots.txt",""
"27/12/2013","16:30:05","msnbot-157-55-35-99.search.msn.com","157.55.35.99","/robots.txt",""
"27/12/2013","16:30:57","msnbot-157-55-35-99.search.msn.com","157.55.35.99","/robots.txt",""
"27/12/2013","17:16:20","msnbot-199-30-20-130.search.msn.com","199.30.20.130","/robots.txt",""
"27/12/2013","17:16:21","msnbot-199-30-20-130.search.msn.com","199.30.20.130","/Salisbury/littleton-01_t.jpg",""
"27/12/2013","17:24:59","208.115.113.92","208.115.113.92","/Spiffin/links.html",""
"27/12/2013","18:51:17","msnbot-199-30-20-103.search.msn.com","199.30.20.103","/robots.txt",""
"27/12/2013","18:51:17","msnbot-199-30-20-103.search.msn.com","199.30.20.103","/SCOSHA/Bedzin-Festival-Workshops-Demo-151_t.jpg",""
"27/12/2013","18:55:45","msnbot-65-55-215-79.search.msn.com","65.55.215.79","/robots.txt",""
"27/12/2013","18:55:46","msnbot-65-55-215-79.search.msn.com","65.55.215.79","/SCOSHA/Scosha-Tour-2010-4_t.jpg",""
"27/12/2013","19:23:50","msnbot-65-55-215-76.search.msn.com","65.55.215.76","/robots.txt",""
"27/12/2013","19:23:50","msnbot-65-55-215-76.search.msn.com","65.55.215.76","/SCOSHA/Bedzin-Festival-Workshops-256_t.jpg",""
"27/12/2013","19:28:58","host-89-242-147-225.as13285.net","89.242.147.225","/favicon.ico",""
"27/12/2013","19:41:06","94.196.115.92.threembb.co.uk","94.196.115.92","/favicon.ico",""
"27/12/2013","20:17:11","208.115.113.92","208.115.113.92","/robots.txt",""
"27/12/2013","20:17:11","208.115.113.92","208.115.113.92","/robots.txt",""
"27/12/2013","20:23:05","msnbot-157-55-35-99.search.msn.com","157.55.35.99","/robots.txt",""
"27/12/2013","20:34:47","msnbot-157-55-33-37.search.msn.com","157.55.33.37","/robots.txt",""
"27/12/2013","20:57:03","mohradio.com","82.192.74.99","/robots.txt",""
"27/12/2013","20:57:03","mohradio.com","82.192.74.99","/sitemap.xml",""
"27/12/2013","21:03:51","msnbot-157-55-35-99.search.msn.com","157.55.35.99","/SCOSHA/Bedzin-Festival-Workshops-258.html",""
"27/12/2013","21:21:25","msnbot-157-55-34-179.search.msn.com","157.55.34.179","/Salisbury/Startled-Rabbits-3.html",""
"27/12/2013","21:25:17","208.115.113.92","208.115.113.92","/Salisbury/littleton-01.html",""
"27/12/2013","21:25:49","208.115.113.92","208.115.113.92","/Salisbury/xmas04_12.html",""
"27/12/2013","21:35:11","crawl-66-249-75-58.googlebot.com","66.249.75.58","/robots.txt",""
"27/12/2013","21:45:29","msnbot-157-55-34-179.search.msn.com","157.55.34.179","/robots.txt",""
"27/12/2013","21:46:06","msnbot-157-55-34-179.search.msn.com","157.55.34.179","/Bishopstone/about.html",""
"27/12/2013","22:13:26","msnbot-157-55-34-179.search.msn.com","157.55.34.179","/Salisbury/Startled-Rabbits-3.html",""
"27/12/2013","22:44:01","crawl-66-249-75-179.googlebot.com","66.249.75.179","/Salisbury/map.gif",""
"27/12/2013","22:44:57","crawl-66-249-75-179.googlebot.com","66.249.75.179","/Salisbury/links.gif",""
"27/12/2013","23:06:19","msnbot-157-55-34-179.search.msn.com","157.55.34.179","/robots.txt",""
"27/12/2013","23:07:07","msnbot-157-55-34-179.search.msn.com","157.55.34.179","/Salisbury/Startled-Rabbits-3.html",""
"27/12/2013","23:07:40","msnbot-157-55-33-86.search.msn.com","157.55.33.86","/robots.txt",""
"27/12/2013","23:19:16","208.115.113.82","208.115.113.82","/Andover/td04w.html",""
"27/12/2013","23:19:17","208.115.113.82","208.115.113.82","/Salisbury/pictures.html",""
"28/12/2013","00:06:43","msnbot-157-55-34-179.search.msn.com","157.55.34.179","/robots.txt",""
"28/12/2013","00:19:45","spider27.picsearch.com","217.212.224.183","/robots.txt",""
"28/12/2013","00:19:46","spider25.picsearch.com","217.212.224.181","/Amesbury/burns02a.html",""
"28/12/2013","00:25:11","208.115.113.92","208.115.113.92","/robots.txt",""
"28/12/2013","00:25:11","208.115.113.92","208.115.113.92","/robots.txt",""
"28/12/2013","00:30:47","msnbot-157-55-35-91.search.msn.com","157.55.35.91","/robots.txt",""
"28/12/2013","01:32:10","208.115.113.92","208.115.113.92","/Amesbury/Amesbury09.html",""
"28/12/2013","02:22:12","msnbot-199-30-16-30.search.msn.com","199.30.16.30","/robots.txt",""
"28/12/2013","02:22:12","msnbot-199-30-16-30.search.msn.com","199.30.16.30","/SCOSHA/Scosha-Tour-2010-3_t.jpg",""
"28/12/2013","02:30:24","crawl-66-249-75-179.googlebot.com","66.249.75.179","/robots.txt",""
"28/12/2013","02:42:26","spider-178-154-160-30.yandex.com","178.154.160.30","/robots.txt",""
"28/12/2013","02:43:55","208.115.113.82","208.115.113.82","/robots.txt",""
"28/12/2013","02:47:48","crawl-66-249-75-179.googlebot.com","66.249.75.179","/Salisbury/Startled-Rabbits-1.html",""
"28/12/2013","02:50:24","msnbot-199-30-20-141.search.msn.com","199.30.20.141","/robots.txt",""
"28/12/2013","02:50:25","msnbot-199-30-20-141.search.msn.com","199.30.20.141","/SCOSHA/Scosha-Tour-2010-1_t.jpg",""
"28/12/2013","03:03:43","spider-178-154-160-30.yandex.com","178.154.160.30","/robots.txt",""
"28/12/2013","03:18:17","msnbot-199-30-20-24.search.msn.com","199.30.20.24","/robots.txt",""
"28/12/2013","03:29:53","msnbot-157-55-35-91.search.msn.com","157.55.35.91","/robots.txt",""
"28/12/2013","03:35:46","msnbot-199-30-20-22.search.msn.com","199.30.20.22","/robots.txt",""
"28/12/2013","03:35:46","msnbot-199-30-20-22.search.msn.com","199.30.20.22","/Salisbury/littleton-08_t.jpg",""
"28/12/2013","04:00:13","208.115.113.82","208.115.113.82","/Salisbury/sueparty07.html",""
"28/12/2013","04:21:34","208.115.113.92","208.115.113.92","/robots.txt",""
"28/12/2013","04:32:02","crawl-66-249-75-179.googlebot.com","66.249.75.179","/Salisbury/thistle.jpg",""
"28/12/2013","04:59:44","208.43.225.85-static.reverse.softlayer.com","208.43.225.85","/robots.txt",""
"28/12/2013","05:29:06","208.115.113.92","208.115.113.92","/Andover/links.html",""
"28/12/2013","05:37:25","msnbot-157-55-33-109.search.msn.com","157.55.33.109","/robots.txt",""
"28/12/2013","06:40:03","msnbot-199-30-20-103.search.msn.com","199.30.20.103","/robots.txt",""
"28/12/2013","06:40:04","msnbot-199-30-20-103.search.msn.com","199.30.20.103","/SCOSHA/Bedzin-Festival-Workshops-Demo-151_t.jpg",""
"28/12/2013","06:40:37","208.115.113.82","208.115.113.82","/robots.txt",""
"28/12/2013","06:40:37","208.115.113.82","208.115.113.82","/robots.txt",""
"28/12/2013","06:41:45","msnbot-157-55-33-115.search.msn.com","157.55.33.115","/robots.txt",""
"28/12/2013","06:56:47","msnbot-157-55-33-115.search.msn.com","157.55.33.115","/Winchester/Flyer-Nov-16.pdf",""
"28/12/2013","07:57:38","spider-178-154-160-30.yandex.com","178.154.160.30","/Salisbury/en5.jpg",""
"28/12/2013","08:10:43","spider-178-154-160-30.yandex.com","178.154.160.30","/SCOSHA/Scosha-Group-in-Bedzin-246.jpg",""
"28/12/2013","08:12:57","spider-178-154-160-30.yandex.com","178.154.160.30","/Salisbury/littleton-08.jpg",""
"28/12/2013","08:14:17","spider-178-154-160-30.yandex.com","178.154.160.30","/Salisbury/29%20May%202013.jpg",""
"28/12/2013","08:14:40","spider-178-154-160-30.yandex.com","178.154.160.30","/Salisbury/en1.jpg",""
"28/12/2013","08:26:31","208.115.113.92","208.115.113.92","/robots.txt",""
"28/12/2013","08:26:31","208.115.113.92","208.115.113.92","/robots.txt",""
"28/12/2013","08:38:35","spider-178-154-160-30.yandex.com","178.154.160.30","/Salisbury/xmas04_02_t.jpg",""
"28/12/2013","08:38:58","spider-178-154-160-30.yandex.com","178.154.160.30","/Salisbury/en3.jpg",""
"28/12/2013","08:46:48","spider-178-154-160-30.yandex.com","178.154.160.30","/Salisbury/Sal-dance-2004-05-05_t.jpg",""
"28/12/2013","09:03:47","spider-178-154-160-30.yandex.com","178.154.160.30","/Salisbury/xmas04_03_t.jpg",""
"28/12/2013","09:04:44","208.43.255.25-static.reverse.softlayer.com","208.43.255.25","/robots.txt",""
"28/12/2013","09:05:23","spider-178-154-160-30.yandex.com","178.154.160.30","/Salisbury/en4.jpg",""
"28/12/2013","09:17:22","spider-178-154-160-30.yandex.com","178.154.160.30","/Salisbury/sueparty07_t.jpg",""
"28/12/2013","09:39:02","208.115.113.92","208.115.113.92","/Salisbury/Br15.html",""
"28/12/2013","09:40:59","spider-178-154-160-30.yandex.com","178.154.160.30","/Salisbury/th-burns-codford-2003-22.jpg",""
"28/12/2013","09:42:25","spider-178-154-160-30.yandex.com","178.154.160.30","/Salisbury/th-burns-codford-2003-23.jpg",""
"28/12/2013","09:45:37","spider-178-154-160-30.yandex.com","178.154.160.30","/Salisbury/Broadford%20Bay%2001.jpg",""
"28/12/2013","09:54:52","spider-178-154-160-30.yandex.com","178.154.160.30","/Salisbury/sueparty05_t.jpg",""
"28/12/2013","10:04:15","208.43.225.85-static.reverse.softlayer.com","208.43.225.85","/robots.txt",""
"28/12/2013","10:05:13","spider-178-154-160-30.yandex.com","178.154.160.30","/Salisbury/tr.jpg",""
"28/12/2013","10:08:59","spider-178-154-160-30.yandex.com","178.154.160.30","/Salisbury/littleton-04.jpg",""
"28/12/2013","10:20:15","spider-178-154-160-30.yandex.com","178.154.160.30","/Salisbury/en2.jpg",""
"28/12/2013","10:21:26","msnbot-65-55-215-79.search.msn.com","65.55.215.79","/robots.txt",""
"28/12/2013","10:21:27","msnbot-65-55-215-79.search.msn.com","65.55.215.79","/SCOSHA/Scosha-Tour-2010-4_t.jpg",""
"28/12/2013","10:22:23","spider-178-154-160-30.yandex.com","178.154.160.30","/Salisbury/xmas04_06_t.jpg",""
"28/12/2013","10:27:46","spider-178-154-160-30.yandex.com","178.154.160.30","/Salisbury/Startled-Rabbits-1.jpg",""
"28/12/2013","10:32:52","spider-178-154-160-30.yandex.com","178.154.160.30","/Salisbury/Startled-Rabbits-3.jpg",""
"28/12/2013","10:39:59","spider-178-154-160-30.yandex.com","178.154.160.30","/Salisbury/xmas04_07_t.jpg",""
"28/12/2013","10:40:59","crawl-66-249-75-58.googlebot.com","66.249.75.58","/robots.txt",""
"28/12/2013","10:42:33","msnbot-157-56-93-38.search.msn.com","157.56.93.38","/robots.txt",""
"28/12/2013","10:43:47","208.115.113.82","208.115.113.82","/robots.txt",""
"28/12/2013","10:43:47","208.115.113.82","208.115.113.82","/robots.txt",""
"28/12/2013","10:52:16","spider-178-154-160-30.yandex.com","178.154.160.30","/Salisbury/Sal-dance-2004-05-03_t.jpg",""
"28/12/2013","10:54:26","spider-178-154-160-30.yandex.com","178.154.160.30","/SCOSHA/Bedzin-Festival-Workshops-060.jpg",""
"28/12/2013","10:54:53","spider-178-154-160-30.yandex.com","178.154.160.30","/Salisbury/littleton-06.jpg",""
"28/12/2013","10:55:17","crawl-66-249-75-179.googlebot.com","66.249.75.179","/Salisbury/sch.jpg",""
"28/12/2013","10:57:06","ukspider2.wise-guys.nl","82.94.176.142","/robots.txt",""
"28/12/2013","10:57:48","spider-178-154-160-30.yandex.com","178.154.160.30","/Salisbury/sueparty06_t.jpg",""
"28/12/2013","11:07:22","msnbot-157-55-35-46.search.msn.com","157.55.35.46","/robots.txt",""
"28/12/2013","11:10:52","spider-178-154-160-30.yandex.com","178.154.160.30","/SCOSHA/Bedzin-Festival-Workshops-258.jpg",""
"28/12/2013","11:11:26","msnbot-157-55-35-46.search.msn.com","157.55.35.46","/Spiffin/index.htm",""
"28/12/2013","11:13:23","msnbot-157-55-35-46.search.msn.com","157.55.35.46","/Spiffin/pictures.html",""
"28/12/2013","11:17:43","spider-178-154-160-30.yandex.com","178.154.160.30","/SCOSHA/Scosha-Tour-2010-4.jpg",""
"28/12/2013","11:20:15","spider-178-154-160-30.yandex.com","178.154.160.30","/Salisbury/pictures.gif",""
"28/12/2013","11:20:42","msnbot-65-55-215-65.search.msn.com","65.55.215.65","/robots.txt",""
"28/12/2013","11:20:43","msnbot-65-55-215-65.search.msn.com","65.55.215.65","/Andover/Andover25th-1_t.jpg",""
"28/12/2013","11:28:00","spider-178-154-160-30.yandex.com","178.154.160.30","/Salisbury/sueparty02_t.jpg",""
"28/12/2013","11:30:19","spider-178-154-160-30.yandex.com","178.154.160.30","/Salisbury/littleton-05.jpg",""
"28/12/2013","11:48:04","msnbot-157-55-33-31.search.msn.com","157.55.33.31","/robots.txt",""
"28/12/2013","11:50:20","spider-178-154-160-30.yandex.com","178.154.160.30","/Salisbury/th-burns-codford-2003-18.jpg",""
"28/12/2013","11:59:00","208.115.113.82","208.115.113.82","/SCOSHA/Scosha-Group-in-Bedzin-246.html",""
"28/12/2013","11:59:01","208.115.113.82","208.115.113.82","/Amesbury/burns06a.html",""
"28/12/2013","11:59:03","208.115.113.82","208.115.113.82","/Salisbury/Br13.html",""
"28/12/2013","12:23:31","spider-178-154-160-30.yandex.com","178.154.160.30","/Salisbury/Sal-dance-2004-05-08_t.jpg",""
"28/12/2013","12:24:27","208.115.113.92","208.115.113.92","/robots.txt",""
"28/12/2013","12:24:27","208.115.113.92","208.115.113.92","/robots.txt",""
"28/12/2013","12:28:06","crawl-66-249-75-179.googlebot.com","66.249.75.179","/Bournemouth-RSCDS/about.html",""
"28/12/2013","12:33:06","crawl-66-249-75-179.googlebot.com","66.249.75.179","/Salisbury/Br15.html",""
"28/12/2013","12:37:57","crawl-66-249-75-179.googlebot.com","66.249.75.179","/Winchester/Newsletter-No-36.doc",""
"28/12/2013","12:47:33","msnbot-65-55-215-55.search.msn.com","65.55.215.55","/robots.txt",""
"28/12/2013","12:47:33","msnbot-65-55-215-55.search.msn.com","65.55.215.55","/Salisbury/littleton-03_t.jpg",""
"28/12/2013","12:51:03","208.110.91.138","208.110.91.138","/robots.txt",""
"28/12/2013","12:51:08","208.110.91.138","208.110.91.138","/Amesbury/burns06a.html",""
"28/12/2013","12:52:34","spider-178-154-160-30.yandex.com","178.154.160.30","/Salisbury/map.gif",""
"28/12/2013","13:15:37","spider-178-154-160-30.yandex.com","178.154.160.30","/Salisbury/xmas04_10_t.jpg",""
"28/12/2013","13:21:11","crawl-66-249-75-179.googlebot.com","66.249.75.179","/Amesbury/FC%2003.html",""
"28/12/2013","13:23:35","spider-178-154-160-30.yandex.com","178.154.160.30","/Salisbury/xmas04_12_t.jpg",""
"28/12/2013","13:27:30","spider-178-154-160-30.yandex.com","178.154.160.30","/Salisbury/xmas04_11_t.jpg",""
"28/12/2013","13:31:39","crawl-66-249-75-179.googlebot.com","66.249.75.179","/Salisbury/Br15.html",""
"28/12/2013","13:35:22","208.115.113.92","208.115.113.92","/Andover/win04t.html",""
"28/12/2013","13:35:23","208.115.113.92","208.115.113.92","/Salisbury/burns-codford-2003-23.html",""
"28/12/2013","13:35:26","208.115.113.92","208.115.113.92","/Salisbury/burns-codford-2003-23.html",""
"28/12/2013","13:36:40","spider-178-154-160-30.yandex.com","178.154.160.30","/Salisbury/sueparty03_t.jpg",""
"28/12/2013","13:59:17","spider-178-154-160-30.yandex.com","178.154.160.30","/Salisbury/littleton-07.jpg",""
"28/12/2013","14:21:43","spider-178-154-160-30.yandex.com","178.154.160.30","/Salisbury/links.gif",""
"28/12/2013","14:23:30","spider-178-154-160-30.yandex.com","178.154.160.30","/Salisbury/2se.jpg",""
"28/12/2013","14:30:09","spider-178-154-160-30.yandex.com","178.154.160.30","/Salisbury/Sal-dance-2004-05-04_t.jpg",""
"28/12/2013","14:37:59","crawl-66-249-75-179.googlebot.com","66.249.75.179","/robots.txt",""
"28/12/2013","14:37:59","crawl-66-249-75-179.googlebot.com","66.249.75.179","/Winchester/Newsletter-No-36.doc",""
"28/12/2013","14:42:44","spider-178-154-160-30.yandex.com","178.154.160.30","/robots.txt",""
"28/12/2013","14:42:46","spider-178-154-160-30.yandex.com","178.154.160.30","/Salisbury/sch.jpg",""
"28/12/2013","14:47:22","208.115.113.82","208.115.113.82","/robots.txt",""
"28/12/2013","14:50:19","spider-178-154-160-30.yandex.com","178.154.160.30","/Salisbury/Sal-dance-2004-05-07_t.jpg",""
"28/12/2013","15:04:29","spider-178-154-160-30.yandex.com","178.154.160.30","/Salisbury/sueparty04_t.jpg",""
"28/12/2013","15:10:31","spider-178-154-160-30.yandex.com","178.154.160.30","/Salisbury/Sal-dance-2004-05-01_t.jpg",""
"28/12/2013","15:21:26","spider-178-154-160-30.yandex.com","178.154.160.30","/Salisbury/Break%2002.jpg",""
"28/12/2013","15:31:48","spider-178-154-160-30.yandex.com","178.154.160.30","/Salisbury/th-burns-codford-2003-20.jpg",""
"28/12/2013","15:49:08","spider-178-154-160-30.yandex.com","178.154.160.30","/Salisbury/05%20June%202013%20Castle%20Square%202.jpg",""
"28/12/2013","15:51:36","spider-178-154-160-30.yandex.com","178.154.160.30","/Salisbury/Dancing-at-St-Elizabeth-Hall-2011-06-08.jpg",""
"28/12/2013","16:05:01","208.115.113.82","208.115.113.82","/Salisbury/Sal-dance-2004-05-09.html",""
"28/12/2013","16:09:32","spider-178-154-160-30.yandex.com","178.154.160.30","/Salisbury/home.gif",""
"28/12/2013","16:23:52","spider-178-154-160-30.yandex.com","178.154.160.30","/Salisbury/Break%2001.jpg",""
"28/12/2013","17:17:01","cpc10-sals3-2-0-cust250.15-1.cable.virginm.net","62.255.114.251","/favicon.ico","http://wessex-scd.org.uk/salisbury/index.php"
"28/12/2013","17:21:20","cpc10-sals3-2-0-cust250.15-1.cable.virginm.net","62.255.114.251","/Salisbury/chihuahua.html",""
"28/12/2013","17:21:50","cpc10-sals3-2-0-cust250.15-1.cable.virginm.net","62.255.114.251","/favicon.ico","http://www.wessex-scd.org.uk/"
"28/12/2013","18:24:16","msnbot-157-55-33-26.search.msn.com","157.55.33.26","/robots.txt",""
"28/12/2013","18:48:02","208.115.113.82","208.115.113.82","/robots.txt",""
"28/12/2013","18:48:02","208.115.113.82","208.115.113.82","/robots.txt",""
"28/12/2013","18:57:53","fetcher7.mail.ru","217.69.133.191","/robots.txt",""
"28/12/2013","19:06:39","ukspider2.wise-guys.nl","82.94.176.142","/robots.txt",""
"28/12/2013","19:07:48","5.10.83.100-static.reverse.softlayer.com","5.10.83.100","/Salisbury/Sal-dance-2004-05-07.html",""
"28/12/2013","19:27:13","msnbot-157-55-33-251.search.msn.com","157.55.33.251","/robots.txt",""
"28/12/2013","19:29:54","msnbot-157-55-33-251.search.msn.com","157.55.33.251","/Winchester/danceflier-2013-12-01.doc",""
"28/12/2013","20:00:31","208.115.113.82","208.115.113.82","/Andover/td02w.html",""
"28/12/2013","20:00:32","208.115.113.82","208.115.113.82","/Andover/lantern3.html",""
"28/12/2013","20:00:33","208.115.113.82","208.115.113.82","/Salisbury/Sal-dance-2004-05-02.html",""
"28/12/2013","20:57:43","68-200-49-214.res.bhn.net","68.200.49.214","/favicon.ico",""
"28/12/2013","21:00:20","msnbot-157-55-36-49.search.msn.com","157.55.36.49","/robots.txt",""
"28/12/2013","21:20:22","5.10.83.98-static.reverse.softlayer.com","5.10.83.98","/Amesbury/burns06a.html",""
"28/12/2013","21:35:29","msnbot-65-55-24-214.search.msn.com","65.55.24.214","/robots.txt",""
"28/12/2013","21:57:39","crawl-66-249-75-179.googlebot.com","66.249.75.179","/Salisbury/pictures.gif",""
"28/12/2013","22:07:47","5.10.83.61-static.reverse.softlayer.com","5.10.83.61","/Amesbury/FC%2002.html",""
"28/12/2013","22:20:03","crawl-81-144-138-34.wotbox.com","81.144.138.34","/robots.txt",""
"28/12/2013","22:30:10","crawl-66-249-75-179.googlebot.com","66.249.75.179","/Winchester/Newsletter-No-36.doc",""
"28/12/2013","22:36:50","5.10.83.66-static.reverse.softlayer.com","5.10.83.66","/Salisbury/map.html",""
"28/12/2013","22:39:37","host-92-0-0-91.as43234.net","92.0.0.91","/favicon.ico",""
"28/12/2013","22:40:54","208.115.113.82","208.115.113.82","/robots.txt",""
"28/12/2013","22:40:57","host-92-0-0-91.as43234.net","92.0.0.91","/favicon.ico",""
"28/12/2013","22:47:42","msnbot-65-55-24-214.search.msn.com","65.55.24.214","/robots.txt",""
"28/12/2013","22:50:17","5.10.83.102-static.reverse.softlayer.com","5.10.83.102","/Salisbury/about.html",""
"28/12/2013","23:11:42","crawl-66-249-75-179.googlebot.com","66.249.75.179","/Salisbury/2se.jpg",""
"28/12/2013","23:11:43","208.43.255.24-static.reverse.softlayer.com","208.43.255.24","/robots.txt",""
"28/12/2013","23:23:02","crawl-66-249-75-179.googlebot.com","66.249.75.179","/Winchester/autumn-ball-flier-2010-10-02.doc",""
"28/12/2013","23:49:48","crawl-66-249-75-179.googlebot.com","66.249.75.179","/Salisbury/enjoy6.jpg",""
"28/12/2013","23:52:57","208.115.113.82","208.115.113.82","/Salisbury/map.html",""
"29/12/2013","00:01:43","crawl-66-249-75-179.googlebot.com","66.249.75.179","/Salisbury/mapschoollane.jpg",""
"29/12/2013","00:08:27","5.10.83.102-static.reverse.softlayer.com","5.10.83.102","/Salisbury/littleton-04.html",""
"29/12/2013","00:19:26","208.115.113.92","208.115.113.92","/robots.txt",""
"29/12/2013","00:19:26","208.115.113.92","208.115.113.92","/robots.txt",""
"29/12/2013","00:46:30","crawl-66-249-75-179.googlebot.com","66.249.75.179","/Salisbury/burns-codford-2003-22.html",""
"29/12/2013","00:49:19","5.10.83.61-static.reverse.softlayer.com","5.10.83.61","/Salisbury/xmas04_03.html",""
"29/12/2013","01:05:37","5.10.83.61-static.reverse.softlayer.com","5.10.83.61","/Salisbury/xmas04_07.html",""
"29/12/2013","01:23:13","5.10.83.58-static.reverse.softlayer.com","5.10.83.58","/SCOSHA/Bedzin-Festival-Workshops-256.html",""
"29/12/2013","01:35:51","msnbot-157-56-229-185.search.msn.com","157.56.229.185","/robots.txt",""
"29/12/2013","01:36:13","msnbot-157-56-229-185.search.msn.com","157.56.229.185","/Bishopstone/pictures.html",""
"29/12/2013","01:45:38","crawl-66-249-75-179.googlebot.com","66.249.75.179","/Salisbury/littleton-05.html",""
"29/12/2013","01:53:16","208.115.113.92","208.115.113.92","/Salisbury/Sal-dance-2004-05-05.html",""
"29/12/2013","01:53:17","208.115.113.92","208.115.113.92","/Amesbury/links.html",""
"29/12/2013","02:28:42","crawl-66-249-75-179.googlebot.com","66.249.75.179","/Salisbury/burns-codford-2003-18.html",""
"29/12/2013","02:40:24","crawl-66-249-75-179.googlebot.com","66.249.75.179","/robots.txt",""
"29/12/2013","02:41:55","208.115.113.82","208.115.113.82","/robots.txt",""
"29/12/2013","02:49:34","msnbot-199-30-16-15.search.msn.com","199.30.16.15","/robots.txt",""
"29/12/2013","02:49:34","msnbot-199-30-16-15.search.msn.com","199.30.16.15","/Newbury/thistle.jpg",""
"29/12/2013","03:19:59","crawl-66-249-75-179.googlebot.com","66.249.75.179","/Newbury/Dance-Flier-2012-12-10-A4.pdf",""
"29/12/2013","03:25:57","crawl-66-249-75-179.googlebot.com","66.249.75.179","/SCOSHA/Bedzin-Festival-Workshops-Demo-151.html",""
"29/12/2013","03:41:10","msnbot-199-30-20-102.search.msn.com","199.30.20.102","/robots.txt",""
"29/12/2013","03:41:10","msnbot-199-30-20-102.search.msn.com","199.30.20.102","/Andover/win11t_t.jpg",""
"29/12/2013","03:54:50","crawl-66-249-75-179.googlebot.com","66.249.75.179","/Salisbury/Sal-dance-2004-05-03.html",""
"29/12/2013","03:56:31","spider-178-154-160-30.yandex.com","178.154.160.30","/robots.txt",""
"29/12/2013","03:59:26","208.115.113.82","208.115.113.82","/Salisbury/about.html",""
"29/12/2013","04:17:54","208.115.113.92","208.115.113.92","/robots.txt",""
"29/12/2013","04:28:06","crawl-66-249-75-179.googlebot.com","66.249.75.179","/Salisbury/Br15.html",""
"29/12/2013","04:44:19","msnbot-157-55-32-144.search.msn.com","157.55.32.144","/robots.txt",""
"29/12/2013","04:51:16","crawl-66-249-75-179.googlebot.com","66.249.75.179","/Salisbury/burns-codford-2003-19.html",""
"29/12/2013","05:33:51","208.115.113.92","208.115.113.92","/Andover/Andover25th-3.html",""
"29/12/2013","05:33:52","208.115.113.92","208.115.113.92","/Andover/Pictures.html",""
"29/12/2013","05:54:31","msnbot-157-56-92-163.search.msn.com","157.56.92.163","/robots.txt",""
"29/12/2013","05:59:06","msnbot-157-56-92-163.search.msn.com","157.56.92.163","/robots.txt",""
"29/12/2013","06:06:25","crawl-66-249-75-179.googlebot.com","66.249.75.179","/Andover/Andover031.html",""
"29/12/2013","07:03:39","crawl-66-249-75-58.googlebot.com","66.249.75.58","/robots.txt",""
"29/12/2013","07:45:50","blueberry.active-ns.com","84.18.207.66","/Winchester/Newsletter-No-40.doc",""
"29/12/2013","07:45:50","cpc2-sotn12-2-0-cust194.15-1.cable.virginm.net","81.108.4.195","/favicon.ico","http://www.wessex-scd.org.uk/Winchester/Newsletter-No-40.doc"
"29/12/2013","07:52:15","5.10.83.78-static.reverse.softlayer.com","5.10.83.78","/Salisbury/Sal-dance-2004-05-08.html",""
"29/12/2013","08:02:04","msnbot-157-55-32-117.search.msn.com","157.55.32.117","/robots.txt",""
"29/12/2013","08:09:54","cpc2-sotn12-2-0-cust194.15-1.cable.virginm.net","81.108.4.195","/SCOSHA/Bedzin-Festival-Workshops-060.html",""
"29/12/2013","08:09:55","blueberry.active-ns.com","84.18.207.66","/SCOSHA/Bedzin-Festival-Workshops-060.html",""
"29/12/2013","08:09:55","cpc2-sotn12-2-0-cust194.15-1.cable.virginm.net","81.108.4.195","/favicon.ico","http://wessex-scd.org.uk/SCOSHA/Bedzin-Festival-Workshops-060.html"
"29/12/2013","08:15:01","crawl-66-249-75-179.googlebot.com","66.249.75.179","/Salisbury/Sal-dance-2004-05-09.html",""
"29/12/2013","08:22:18","208.115.113.92","208.115.113.92","/robots.txt",""
"29/12/2013","09:04:20","crawl-66-249-75-179.googlebot.com","66.249.75.179","/SCOSHA/Bedzin-Festival-Workshops-Demo-151.html",""
"29/12/2013","09:17:43","83.149.126.98","83.149.126.98","/robots.txt",""
"29/12/2013","09:18:17","208.43.255.30-static.reverse.softlayer.com","208.43.255.30","/robots.txt",""
"29/12/2013","09:22:34","5.10.83.61-static.reverse.softlayer.com","5.10.83.61","/SCOSHA>",""
"29/12/2013","09:32:04","208.115.113.92","208.115.113.92","/Salisbury/committee.html",""
"29/12/2013","09:53:50","msnbot-199-30-20-66.search.msn.com","199.30.20.66","/robots.txt",""
"29/12/2013","09:53:50","msnbot-199-30-20-66.search.msn.com","199.30.20.66","/Salisbury/about.html",""
"29/12/2013","10:44:29","208.115.113.82","208.115.113.82","/robots.txt",""
"29/12/2013","11:43:49","host-89-240-165-109.as13285.net","89.240.165.109","/favicon.ico",""
"29/12/2013","12:03:54","crawl-66-249-75-179.googlebot.com","66.249.75.179","/Salisbury/Startled-Rabbits-1.html",""
"29/12/2013","12:04:25","5.10.83.82-static.reverse.softlayer.com","5.10.83.82","/Salisbury/Dancing-at-St-Elizabeth-Hall-2011-06-08.html",""
"29/12/2013","12:23:50","208.115.113.92","208.115.113.92","/robots.txt",""
"29/12/2013","12:23:50","208.115.113.92","208.115.113.92","/robots.txt",""
"29/12/2013","12:35:28","msnbot-157-55-35-90.search.msn.com","157.55.35.90","/robots.txt",""
"29/12/2013","12:46:55","msnbot-157-55-35-90.search.msn.com","157.55.35.90","/robots.txt",""
"29/12/2013","12:52:17","5.10.83.29-static.reverse.softlayer.com","5.10.83.29","/Salisbury/Sal-dance-2004-05-06.html",""
"29/12/2013","13:06:35","5.10.83.98-static.reverse.softlayer.com","5.10.83.98","/SCOSHA/Bedzin-Festival-Workshops-Demo-151.html",""
"29/12/2013","13:13:32","msnbot-65-55-215-99.search.msn.com","65.55.215.99","/robots.txt",""
"29/12/2013","13:13:33","msnbot-65-55-215-99.search.msn.com","65.55.215.99","/Salisbury/Dancing-at-St-Elizabeth-Hall-2011-06-08.jpg",""
"29/12/2013","13:29:30","208.115.113.92","208.115.113.92","/Andover/Andover25th-4.html",""
"29/12/2013","13:29:37","208.115.113.92","208.115.113.92","/Amesbury/burns04a.html",""
"29/12/2013","13:53:18","5.10.83.82-static.reverse.softlayer.com","5.10.83.82","/Salisbury/xmas04_10.html",""
"29/12/2013","13:55:24","msnbot-199-30-20-72.search.msn.com","199.30.20.72","/robots.txt",""
"29/12/2013","13:55:25","msnbot-199-30-20-72.search.msn.com","199.30.20.72","/Andover/td01w_t.jpg",""
"29/12/2013","13:59:12","msnbot-199-30-20-102.search.msn.com","199.30.20.102","/robots.txt",""
"29/12/2013","13:59:13","msnbot-199-30-20-102.search.msn.com","199.30.20.102","/Andover/win11t_t.jpg",""
"29/12/2013","14:11:54","msnbot-157-55-32-62.search.msn.com","157.55.32.62","/robots.txt",""
"29/12/2013","14:24:15","5.10.83.58-static.reverse.softlayer.com","5.10.83.58","/Salisbury/Startled-Rabbits-2.html",""
"29/12/2013","14:32:45","5.10.83.78-static.reverse.softlayer.com","5.10.83.78","/SCOSHA/Bedzin-Festival-Workshops-Demo-151.html",""
"29/12/2013","14:45:50","208.115.113.82","208.115.113.82","/robots.txt",""
"29/12/2013","14:45:50","208.115.113.82","208.115.113.82","/robots.txt",""
"29/12/2013","14:45:55","spider-178-154-160-30.yandex.com","178.154.160.30","/robots.txt",""
"29/12/2013","15:09:19","crawl-66-249-75-179.googlebot.com","66.249.75.179","/robots.txt",""
"29/12/2013","15:43:34","cpc4-rdng23-2-0-cust99.15-3.cable.virginm.net","81.107.79.100","/favicon.ico",""
"29/12/2013","15:43:35","cpc4-rdng23-2-0-cust99.15-3.cable.virginm.net","81.107.79.100","/favicon.ico",""
"29/12/2013","15:45:03","t134.topaz.fastwebserver.de","193.111.141.134","/Winchester/Newsletter-No-43.doc",""
"29/12/2013","15:54:50","spider27.picsearch.com","217.212.224.183","/robots.txt",""
"29/12/2013","15:54:51","spider26.picsearch.com","217.212.224.182","/Andover/Andover25th-4.html",""
"29/12/2013","16:03:37","208.115.113.82","208.115.113.82","/Andover/win01t.html",""
"29/12/2013","16:03:38","208.115.113.82","208.115.113.82","/Bishopstone/pictures.html",""
"29/12/2013","16:03:39","208.115.113.82","208.115.113.82","/Amesbury/Amesbury01.html",""
"29/12/2013","16:03:40","208.115.113.82","208.115.113.82","/Amesbury/The-Gentleman-1.html",""
"29/12/2013","16:03:41","208.115.113.82","208.115.113.82","/Andover/win08t.html",""
"29/12/2013","16:03:44","208.115.113.82","208.115.113.82","/Salisbury/Broadford%20Bay%2001.html",""
"29/12/2013","16:19:55","5.10.83.102-static.reverse.softlayer.com","5.10.83.102","/Bournemouth-RSCDS/pictures.html",""
"29/12/2013","16:33:08","ip5658ff4c.direct-adsl.nl","86.88.255.76","/SCOSHA/Bedzin-Festival-Workshops-258_t.jpg",""
"29/12/2013","16:41:55","msnbot-157-55-32-117.search.msn.com","157.55.32.117","/robots.txt",""
"29/12/2013","16:48:55","5.10.83.61-static.reverse.softlayer.com","5.10.83.61","/Salisbury/05%20June%202013%20Castle%20Square%201.html",""
"29/12/2013","17:07:07","msnbot-199-30-20-103.search.msn.com","199.30.20.103","/robots.txt",""
"29/12/2013","17:07:08","msnbot-199-30-20-103.search.msn.com","199.30.20.103","/Andover/Andover25th-3_t.jpg",""
"29/12/2013","17:21:29","msnbot-157-55-32-95.search.msn.com","157.55.32.95","/Bishopstone/pictures.html",""
"29/12/2013","17:37:15","5.10.83.25-static.reverse.softlayer.com","5.10.83.25","/Amesbury/ames04_02.html",""
"29/12/2013","17:58:47","ukspider2.wise-guys.nl","82.94.176.142","/robots.txt",""
"29/12/2013","18:32:53","host86-167-181-52.range86-167.btcentralplus.com","86.167.181.52","/favicon.ico",""
"29/12/2013","18:42:26","cpc3-cast7-2-0-cust20.uddi.cable.virginm.net","77.97.58.21","/favicon.ico",""
"29/12/2013","18:46:24","208.115.113.82","208.115.113.82","/robots.txt",""
"29/12/2013","18:46:24","208.115.113.82","208.115.113.82","/robots.txt",""
"29/12/2013","19:15:13","crawl-66-249-75-58.googlebot.com","66.249.75.58","/robots.txt",""
"29/12/2013","19:35:49","5.10.83.78-static.reverse.softlayer.com","5.10.83.78","/SCOSHA/Scosha-Tour-2010-1.html",""
"29/12/2013","19:40:33","h-73-100.a146.priv.bahnhof.se","94.254.73.100","/robots.txt",""
"29/12/2013","19:40:36","h-73-100.a146.priv.bahnhof.se","94.254.73.100","/Andover/Andover032.html",""
"29/12/2013","19:40:39","h-73-100.a146.priv.bahnhof.se","94.254.73.100","/Andover/Andover033.html",""
"29/12/2013","19:40:44","h-73-100.a146.priv.bahnhof.se","94.254.73.100","/Andover/Andover25th-1.html",""
"29/12/2013","19:40:46","h-73-100.a146.priv.bahnhof.se","94.254.73.100","/Andover/Andover25th-2.html",""
"29/12/2013","19:40:50","h-73-100.a146.priv.bahnhof.se","94.254.73.100","/Andover/Andover25th-3.html",""
"29/12/2013","20:00:27","208.115.113.82","208.115.113.82","/Amesbury/pictures.html",""
"29/12/2013","20:00:29","208.115.113.82","208.115.113.82","/Newbury/pictures.html",""
"29/12/2013","20:00:30","208.115.113.82","208.115.113.82","/Salisbury/xmas04_08.html",""
"29/12/2013","20:06:26","5.10.83.78-static.reverse.softlayer.com","5.10.83.78","/Salisbury/05%20June%202013%20Castle%20Square%203.html",""
"29/12/2013","20:25:10","208.115.113.92","208.115.113.92","/robots.txt",""
"29/12/2013","20:32:24","5.10.83.100-static.reverse.softlayer.com","5.10.83.100","/Salisbury/pictures.html",""
"29/12/2013","20:36:28","5.10.83.66-static.reverse.softlayer.com","5.10.83.66","/Amesbury/The-Gentleman-1.html",""
"29/12/2013","20:40:28","crawl-66-249-75-179.googlebot.com","66.249.75.179","/Salisbury/pictures-old.html",""
"29/12/2013","21:03:15","crawl13.exabot.com","178.255.215.77","/robots.txt",""
"29/12/2013","21:19:29","5.10.83.66-static.reverse.softlayer.com","5.10.83.66","/Salisbury/Startled-Rabbits-2.html",""
"29/12/2013","21:45:44","208.115.113.92","208.115.113.92","/Amesbury/FC%2002.html",""
"29/12/2013","21:45:45","208.115.113.92","208.115.113.92","/Salisbury/Sal-dance-2004-05-07.html",""
"29/12/2013","21:47:25","msnbot-65-55-215-80.search.msn.com","65.55.215.80","/robots.txt",""
"29/12/2013","21:47:26","msnbot-65-55-215-80.search.msn.com","65.55.215.80","/Andover/win08t_t.jpg",""
"29/12/2013","22:05:34","5.10.83.73-static.reverse.softlayer.com","5.10.83.73","/Bournemouth-RSCDS/about.html",""
"29/12/2013","22:05:56","5.10.83.69-static.reverse.softlayer.com","5.10.83.69","/Salisbury/Break%2002.html",""
"29/12/2013","22:30:58","msnbot-157-55-32-81.search.msn.com","157.55.32.81","/robots.txt",""
"29/12/2013","22:45:09","208.115.113.82","208.115.113.82","/robots.txt",""
"29/12/2013","22:45:10","208.115.113.82","208.115.113.82","/robots.txt",""
"29/12/2013","22:58:00","spider-178-154-160-30.yandex.com","178.154.160.30","/robots.txt",""
"29/12/2013","23:03:25","crawl-66-249-75-179.googlebot.com","66.249.75.179","/Salisbury/Break%2002.jpg",""
"29/12/2013","23:22:37","5.10.83.78-static.reverse.softlayer.com","5.10.83.78","/Salisbury/littleton-02.html",""
"29/12/2013","23:24:07","msnbot-157-55-33-37.search.msn.com","157.55.33.37","/robots.txt",""
"29/12/2013","23:33:29","5.10.83.61-static.reverse.softlayer.com","5.10.83.61","/Salisbury/Startled-Rabbits-3.html",""
"29/12/2013","23:39:09","5.10.83.25-static.reverse.softlayer.com","5.10.83.25","/Amesbury/The-Gentleman-poussette.html",""
"29/12/2013","23:40:57","msnbot-157-55-33-37.search.msn.com","157.55.33.37","/Winchester/Ceilidh-flyer-2013-01-20.pdf",""
"29/12/2013","23:57:34","msnbot-65-55-52-108.search.msn.com","65.55.52.108","/robots.txt",""
"30/12/2013","00:01:20","208.115.113.82","208.115.113.82","/Newbury/links.html",""
"30/12/2013","00:01:25","208.115.113.82","208.115.113.82","/Andover/win11t.html",""
"30/12/2013","00:01:26","208.115.113.82","208.115.113.82","/Ringwood/pictures.html",""
"30/12/2013","00:39:42","208.115.113.92","208.115.113.92","/robots.txt",""
"30/12/2013","00:39:42","208.115.113.92","208.115.113.92","/robots.txt",""
"30/12/2013","00:49:45","msnbot-157-55-32-81.search.msn.com","157.55.32.81","/Salisbury/Dancing-at-St-Elizabeth-Hall-2011-06-08.html",""
"30/12/2013","00:58:50","msnbot-157-56-93-72.search.msn.com","157.56.93.72","/robots.txt",""
"30/12/2013","01:03:08","msnbot-157-56-93-72.search.msn.com","157.56.93.72","/Winchester/Newsletters.html",""
"30/12/2013","01:05:57","5.10.83.25-static.reverse.softlayer.com","5.10.83.25","/Salisbury/xmas04_12.html",""
"30/12/2013","01:29:06","208.115.113.92","208.115.113.92","/Winchester/Programme.html",""
"30/12/2013","01:29:07","208.115.113.92","208.115.113.92","/Winchester/Fees.html",""
"30/12/2013","01:29:09","208.115.113.92","208.115.113.92","/Spiffin/pictures.html",""
"30/12/2013","01:54:56","msnbot-157-55-32-117.search.msn.com","157.55.32.117","/Winchester/Book-47-Flyer-2013.doc",""
"30/12/2013","02:34:16","208.43.225.84-static.reverse.softlayer.com","208.43.225.84","/robots.txt",""
"30/12/2013","02:43:56","208.115.113.82","208.115.113.82","/robots.txt",""
"30/12/2013","02:51:53","5.10.83.78-static.reverse.softlayer.com","5.10.83.78","/Amesbury/burns04a.html",""
"30/12/2013","03:21:29","5.10.83.61-static.reverse.softlayer.com","5.10.83.61","/SCOSHA/Scosha-Tour-2010-3.html",""
"30/12/2013","03:29:52","crawl-66-249-75-179.googlebot.com","66.249.75.179","/robots.txt",""
"30/12/2013","03:29:53","crawl-66-249-75-179.googlebot.com","66.249.75.179","/Winchester/dance-flier-2011-03-13.doc",""
"30/12/2013","03:54:27","t134.topaz.fastwebserver.de","193.111.141.134","/Winchester/Newsletter-No-33.doc",""
"30/12/2013","03:54:27","193.192.58.164","193.192.58.164","/Winchester/Newsletter-No-36.doc",""
"30/12/2013","03:56:51","208.115.113.82","208.115.113.82","/Hyde/links.html",""
"30/12/2013","03:56:53","208.115.113.82","208.115.113.82","/Salisbury/burns-codford-2003-20.html",""
"30/12/2013","03:57:40","msnbot-199-30-20-72.search.msn.com","199.30.20.72","/robots.txt",""
"30/12/2013","03:57:40","msnbot-199-30-20-72.search.msn.com","199.30.20.72","/Andover/td01w_t.jpg",""
"30/12/2013","04:17:31","msnbot-65-55-52-108.search.msn.com","65.55.52.108","/robots.txt",""
"30/12/2013","04:21:11","msnbot-65-55-52-108.search.msn.com","65.55.52.108","/Andover/Discussing-the-tournee.html",""
"30/12/2013","04:28:57","msnbot-157-55-32-52.search.msn.com","157.55.32.52","/Winchester/Fees.html",""
"30/12/2013","04:33:23","crawl-66-249-75-179.googlebot.com","66.249.75.179","/Salisbury/Startled-Rabbits-2.html",""
"30/12/2013","04:40:24","208.115.113.92","208.115.113.92","/robots.txt",""
"30/12/2013","04:40:24","208.115.113.92","208.115.113.92","/robots.txt",""
"30/12/2013","05:40:28","crawl-66-249-75-179.googlebot.com","66.249.75.179","/Bournemouth-RSCDS/about.html",""
"30/12/2013","05:58:05","208.115.113.92","208.115.113.92","/Amesbury/burns01a.html",""
"30/12/2013","05:58:06","208.115.113.92","208.115.113.92","/Salisbury/2sets.html",""
"30/12/2013","06:03:07","msnbot-157-55-35-86.search.msn.com","157.55.35.86","/robots.txt",""
"30/12/2013","06:43:05","msnbot-157-55-33-114.search.msn.com","157.55.33.114","/robots.txt",""
"30/12/2013","06:47:34","208.115.113.82","208.115.113.82","/robots.txt",""
"30/12/2013","06:47:34","208.115.113.82","208.115.113.82","/robots.txt",""
"30/12/2013","06:56:42","crawl-66-249-75-179.googlebot.com","66.249.75.179","/Winchester/Ceilidh-flyer-2013-01-20.pdf",""
"30/12/2013","07:14:10","crawl-66-249-75-179.googlebot.com","66.249.75.179","/Andover/Andover031.html",""
"30/12/2013","07:38:43","204.12.208.234","204.12.208.234","/robots.txt",""
"30/12/2013","07:38:46","204.12.208.234","204.12.208.234","/Amesbury/burns01a.html",""
"30/12/2013","07:38:48","204.12.208.234","204.12.208.234","/Amesbury/burns02a.html",""
"30/12/2013","07:38:50","204.12.208.234","204.12.208.234","/Andover/Andover-farewell-Elizabeth-Card.html",""
"30/12/2013","07:38:53","204.12.208.234","204.12.208.234","/Andover/win01t.html",""
"30/12/2013","07:38:57","204.12.208.234","204.12.208.234","/Andover/win03t.html",""
"30/12/2013","07:39:01","204.12.208.234","204.12.208.234","/Andover/win04t.html",""
"30/12/2013","07:39:03","204.12.208.234","204.12.208.234","/Andover/win05t.html",""
"30/12/2013","07:39:05","204.12.208.234","204.12.208.234","/Andover/win06t.html",""
"30/12/2013","07:39:09","204.12.208.234","204.12.208.234","/Andover/win07t.html",""
"30/12/2013","07:39:14","204.12.208.234","204.12.208.234","/Andover/win08t.html",""
"30/12/2013","07:39:17","204.12.208.234","204.12.208.234","/Andover/win09t.html",""
"30/12/2013","07:39:19","204.12.208.234","204.12.208.234","/Andover/win10t.html",""
"30/12/2013","07:39:23","204.12.208.234","204.12.208.234","/Andover/win11t.html",""
"30/12/2013","07:39:33","204.12.208.234","204.12.208.234","/Andover/win12t.html",""
"30/12/2013","07:39:44","204.12.208.234","204.12.208.234","/Bournemouth-RSCDS/about.html",""
"30/12/2013","07:39:49","204.12.208.234","204.12.208.234","/Bournemouth-RSCDS/links.html",""
"30/12/2013","07:39:55","204.12.208.234","204.12.208.234","/SCOSHA/Combined-School-Classes-Rehearse-043.html",""
"30/12/2013","07:40:03","204.12.208.234","204.12.208.234","/SCOSHA/School-Fete-Dance-Demo-0001.html",""
"30/12/2013","07:40:06","204.12.208.234","204.12.208.234","/Salisbury/Br03.html",""
"30/12/2013","07:40:12","204.12.208.234","204.12.208.234","/Salisbury/Br12.html",""
"30/12/2013","07:40:14","204.12.208.234","204.12.208.234","/Salisbury/Br13.html",""
"30/12/2013","07:40:22","204.12.208.234","204.12.208.234","/Salisbury/Br15.html",""
"30/12/2013","07:40:28","204.12.208.234","204.12.208.234","/Salisbury/Dancing-at-St-Elizabeth-Hall-2011-06-08.html",""
"30/12/2013","07:40:39","204.12.208.234","204.12.208.234","/Salisbury/Startled-Rabbits-1.html",""
"30/12/2013","07:40:43","204.12.208.234","204.12.208.234","/Salisbury/Startled-Rabbits-2.html",""
"30/12/2013","07:40:45","204.12.208.234","204.12.208.234","/Salisbury/Startled-Rabbits-3.html",""
"30/12/2013","07:40:47","204.12.208.234","204.12.208.234","/Salisbury/littleton-01.html",""
"30/12/2013","07:40:54","204.12.208.234","204.12.208.234","/Salisbury/littleton-02.html",""
"30/12/2013","07:41:08","204.12.208.234","204.12.208.234","/Salisbury/littleton-03.html",""
"30/12/2013","07:41:12","204.12.208.234","204.12.208.234","/Salisbury/littleton-04.html",""
"30/12/2013","07:41:15","204.12.208.234","204.12.208.234","/Salisbury/littleton-05.html",""
"30/12/2013","07:41:20","204.12.208.234","204.12.208.234","/Salisbury/littleton-06.html",""
"30/12/2013","07:41:28","204.12.208.234","204.12.208.234","/Salisbury/littleton-07.html",""
"30/12/2013","07:41:33","204.12.208.234","204.12.208.234","/Salisbury/littleton-08.html",""
"30/12/2013","08:01:17","crawl-66-249-75-179.googlebot.com","66.249.75.179","/Salisbury/Sal-dance-2004-05-05.html",""
"30/12/2013","08:03:17","msnbot-199-30-20-49.search.msn.com","199.30.20.49","/robots.txt",""
"30/12/2013","08:03:35","208.115.113.82","208.115.113.82","/Salisbury/xmas04_07.html",""
"30/12/2013","08:03:36","spider27.picsearch.com","217.212.224.183","/robots.txt",""
"30/12/2013","08:03:36","spider25.picsearch.com","217.212.224.181","/Salisbury/littleton-05.html",""
"30/12/2013","08:03:56","208.115.113.82","208.115.113.82","/Andover/Andover25th-2.html",""
"30/12/2013","08:03:58","208.115.113.82","208.115.113.82","/Salisbury/sueparty01.html",""
"30/12/2013","08:05:56","spider25.picsearch.com","217.212.224.181","/Salisbury/pictures.html",""
"30/12/2013","08:06:13","crawl-66-249-75-58.googlebot.com","66.249.75.58","/robots.txt",""
"30/12/2013","08:20:45","crawl-66-249-75-179.googlebot.com","66.249.75.179","/Amesbury/FC%2002_t.jpg",""
"30/12/2013","08:22:51","msnbot-199-30-20-15.search.msn.com","199.30.20.15","/robots.txt",""
"30/12/2013","08:34:27","crawl-66-249-75-179.googlebot.com","66.249.75.179","/Winchester/Haggis-flier-2010.doc",""
"30/12/2013","08:40:37","208.115.113.92","208.115.113.92","/robots.txt",""
"30/12/2013","08:47:40","msnbot-157-55-36-36.search.msn.com","157.55.36.36","/robots.txt",""
"30/12/2013","09:56:51","208.115.113.92","208.115.113.92","/Andover/Andover-farewell-Elizabeth-Card.html",""
"30/12/2013","10:34:22","msnbot-157-55-34-178.search.msn.com","157.55.34.178","/robots.txt",""
"30/12/2013","10:37:14","msnbot-157-55-34-178.search.msn.com","157.55.34.178","/Andover/td01w.html",""
"30/12/2013","10:51:20","208.115.113.82","208.115.113.82","/robots.txt",""
"30/12/2013","11:15:28","spider-178-154-160-30.yandex.com","178.154.160.30","/robots.txt",""
"30/12/2013","11:29:30","crawl-66-249-75-179.googlebot.com","66.249.75.179","/Amesbury/The-Gentleman-poussette.html",""
"30/12/2013","11:46:59","msnbot-65-55-52-96.search.msn.com","65.55.52.96","/robots.txt",""
"30/12/2013","12:06:44","208.115.113.82","208.115.113.82","/Amesbury/Amesbury05.html",""
"30/12/2013","12:06:46","208.115.113.82","208.115.113.82","/Andover/Andover033.html",""
"30/12/2013","12:25:06","msnbot-199-30-20-103.search.msn.com","199.30.20.103","/robots.txt",""
"30/12/2013","12:25:06","msnbot-199-30-20-103.search.msn.com","199.30.20.103","/Andover/Andover25th-3_t.jpg",""
"30/12/2013","12:43:50","208.115.113.92","208.115.113.92","/robots.txt",""
"30/12/2013","12:57:12","87.112.122.138","87.112.122.138","/favicon.ico",""
"30/12/2013","12:57:12","87.112.122.138","87.112.122.138","/favicon.ico",""
"30/12/2013","13:18:27","msnbot-199-30-20-56.search.msn.com","199.30.20.56","/robots.txt",""
"30/12/2013","13:24:39","208.115.113.92","208.115.113.92","/Salisbury/sueparty05.html",""
"30/12/2013","14:00:20","msnbot-199-30-26-230.search.msn.com","199.30.26.230","/robots.txt",""
"30/12/2013","14:00:21","msnbot-199-30-26-230.search.msn.com","199.30.26.230","/Salisbury/05%20June%202013%20Castle%20Square%202.html",""
"30/12/2013","14:12:24","dovesfigary.plus.com","84.92.105.191","/favicon.ico","http://www.wessex-scd.org.uk/"
"30/12/2013","14:22:25","cpc2-sotn12-2-0-cust194.15-1.cable.virginm.net","81.108.4.195","/favicon.ico","http://www.wessex-scd.org.uk/salisbury/gallery.php"
"30/12/2013","14:23:27","crawl-66-249-76-137.googlebot.com","66.249.76.137","/robots.txt",""
"30/12/2013","14:34:21","crawl-66-249-76-137.googlebot.com","66.249.76.137","/Salisbury/Startled-Rabbits-2.html",""
"30/12/2013","14:45:32","208.115.113.82","208.115.113.82","/robots.txt",""
"30/12/2013","15:02:52","msnbot-157-55-34-27.search.msn.com","157.55.34.27","/robots.txt",""
"30/12/2013","16:01:30","208.115.113.82","208.115.113.82","/Andover/td01w.html",""
"30/12/2013","16:01:31","208.115.113.82","208.115.113.82","/SCOSHA/Bedzin-Festival-Workshops-258.html",""
"30/12/2013","16:41:11","static.165.4.76.144.clients.your-server.de","144.76.4.165","/robots.txt",""
"30/12/2013","16:42:26","208.115.113.92","208.115.113.92","/robots.txt",""
"30/12/2013","17:01:10","msnbot-157-56-92-164.search.msn.com","157.56.92.164","/robots.txt",""
